timestamp,label,cpu_adservice_64dd5464b8_jlchp,mem_adservice_64dd5464b8_jlchp,cpu_cartservice_7956c8c845_s8bw5,mem_cartservice_7956c8c845_s8bw5,cpu_checkoutservice_dcf4c5c7b_n6tmr,mem_checkoutservice_dcf4c5c7b_n6tmr,cpu_couponservice_74995cd98d_cpwc2,mem_couponservice_74995cd98d_cpwc2,cpu_currencyservice_8fdf6cf9d_4fqrt,mem_currencyservice_8fdf6cf9d_4fqrt,cpu_emailservice_588bb96b8_2v4fw,mem_emailservice_588bb96b8_2v4fw,mem_frontend_759775d795_m5m79,cpu_frontend_759775d795_qzdkj,mem_frontend_759775d795_qzdkj,cpu_inventoryservice_59c54c8d8_msglb,mem_inventoryservice_59c54c8d8_msglb,cpu_loadgenerator_5c7cbd94ff_mwhrf,mem_loadgenerator_5c7cbd94ff_mwhrf,cpu_paymentservice_66c65775b_zpr5q,mem_paymentservice_66c65775b_zpr5q,cpu_productcatalogservice_c4cfd98fb_c8d5f,mem_productcatalogservice_c4cfd98fb_c8d5f,cpu_recommendationservice_b5b5bfc56_zzdjk,mem_recommendationservice_b5b5bfc56_zzdjk,cpu_redis_cart_6899b65948_sdqbf,mem_redis_cart_6899b65948_sdqbf,cpu_shippingservice_5dcc4d7bd_24vkk,mem_shippingservice_5dcc4d7bd_24vkk,pod_count_running,node_cpu_pct,cpu_frontend_759775d795_m5m79
1781415163,0,0.0008761516587676,112431104.0,0.0021879821642178,61890560.0,0.0006217956064947,32149504.0,0.0018747833935017,28643328.0,0.0029536852691857,57958400.0,0.0017126603722444,45223936.0,12890112.0,0.0037178786054026,19992576.0,0.0017412119498633,36868096.0,0.0026142175894824,74371072.0,0.0002377462398209,38715392.0,0.0031920062549599,29589504.0,0.0039598605127226,43667456.0,0.0016999895048382,17235968.0,0.0006606881853871,23228416.0,14.0,2.2651892264278786,
1781415163,0,0.0008761516587676,112431104.0,0.0021744282659259,61890560.0,0.0006217956064947,32149504.0,0.0018747833935017,28643328.0,0.0029536852691857,57958400.0,0.0017126603722444,45223936.0,12890112.0,0.0036627836943576,19992576.0,0.0017412119498633,36868096.0,0.002591704834726,74371072.0,0.0002377462398209,38715392.0,0.0031920062549599,29589504.0,0.0039598605127226,43667456.0,0.0016999895048382,17235968.0,0.0006550884250987,23228416.0,14.0,2.2651892264278786,
1781415164,0,0.0008761516587676,112431104.0,0.002154725744899,61890560.0,0.0006217956064947,32149504.0,0.0018747833935017,28643328.0,0.0029536852691857,57958400.0,0.0017126603722444,45223936.0,12890112.0,0.0036152266442765,19992576.0,0.0017412119498633,36868096.0,0.0025721237163384,74371072.0,0.0002814463603923,38715392.0,0.0027310273516394,29589504.0,0.0039598605127226,43667456.0,0.0016999895048382,17235968.0,0.0006504375502052,23228416.0,14.0,2.2651892264278786,
1781415164,0,0.0008761516587676,112431104.0,0.0021399600742432,61890560.0,0.0006217956064947,32149504.0,0.00124015,28643328.0,0.0029536852691857,57958400.0,0.0017126603722444,45223936.0,12890112.0,0.0035631468776171,19992576.0,0.0017412119498633,36868096.0,0.002550053472732,74371072.0,0.0002814463603923,38715392.0,0.0027084173073335,29589504.0,0.0039598605127226,43667456.0,0.0016999895048382,17235968.0,0.0006448511544998,23228416.0,14.0,2.2651892264278786,
1781415165,0,0.0008761516587676,112431104.0,0.002120975640543,61890560.0,0.0006217956064947,32149504.0,0.00124015,28643328.0,0.0029536852691857,57958400.0,0.0017126603722444,45223936.0,12890112.0,0.0035131228912206,19992576.0,0.0017412119498633,36868096.0,0.0025290895070006,74371072.0,0.0002814463603923,38715392.0,0.0026889992692825,29589504.0,0.0039598605127226,43667456.0,0.0016999895048382,17235968.0,0.0006396389671192,23228416.0,14.0,2.26518922642785,
1781415165,0,0.0008761516587676,112431104.0,0.0021039659469913,61890560.0,0.0006217956064947,32149504.0,0.00124015,28643328.0,0.0023369762262392,57958400.0,0.0017126603722444,45223936.0,12890112.0,0.0034565204079829,19992576.0,0.0017412119498633,36868096.0,0.0025044748242817,74371072.0,0.0002814463603923,38715392.0,0.0026621864167408,29589504.0,0.0039598605127226,43667456.0,0.0016999895048382,17235968.0,0.0006324087277015,23228416.0,14.0,2.26518922642785,
1781415165,0,0.0008761516587676,112431104.0,0.0020756463780437,61890560.0,0.0006217956064947,32149504.0,0.00124015,28643328.0,0.0023369762262392,57958400.0,0.0017126603722444,45223936.0,12890112.0,0.0033551019150146,19992576.0,0.0017412119498633,36868096.0,0.0024644275652064,74371072.0,0.0002814463603923,38715392.0,0.0016447925000001,29589504.0,0.0039598605127226,43667456.0,0.0016999895048382,17235968.0,0.0006229332383352,23228416.0,14.0,2.2651892264278786,
1781415166,0,0.0007282499575038,112431104.0,0.0020456213516951,61890560.0,0.0006217956064947,32149504.0,0.00124015,28643328.0,0.0023369762262392,57958400.0,0.0017126603722444,45223936.0,12890112.0,0.0032691703000266,19992576.0,0.0017412119498633,36868096.0,0.0028530419125515,74371072.0,0.0002814463603923,38715392.0,0.0016447925000001,29589504.0,0.0039598605127226,43667456.0,0.0016999895048382,17235968.0,0.0006147674781056,23228416.0,14.0,2.2651892264278786,
1781415167,0,0.0007192401979462,112431104.0,0.0019637743419576,61890560.0,0.0006217956064947,32149504.0,0.00124015,28643328.0,0.0023369762262392,57958400.0,0.0017126603722444,45223936.0,12890112.0,0.0031835127890736,19992576.0,0.0017412119498633,36868096.0,0.0028148988670635,74371072.0,0.0002814463603923,38715392.0,0.0019611969030907,29589504.0,0.0039598605127226,43667456.0,0.0016999895048382,17235968.0,0.0006074570511897,23228416.0,14.0,2.2651892264278786,
1781415167,0,0.0007116322810425,112431104.0,0.0019423574310177,61890560.0,0.0006217956064947,32149504.0,0.0014849113297078,28643328.0,0.0023369762262392,57958400.0,0.0017126603722444,45223936.0,12890112.0,0.0031115604798731,19992576.0,0.0017412119498633,36868096.0,0.002781387017655,74371072.0,0.0002814463603923,38715392.0,0.0019403694505131,29589504.0,0.0039598605127226,43667456.0,0.0016999895048382,17235968.0,0.0006004807388495,23228416.0,14.0,2.26518922642785,
1781415168,0,0.0007038491338071,112431104.0,0.0019176389273162,61890560.0,0.0006217956064947,32149504.0,0.0014662109884837,28643328.0,0.0023369762262392,57958400.0,0.0017126603722444,45223936.0,12890112.0,0.0030231619285696,19992576.0,0.0017412119498633,36868096.0,0.0027364901445511,74371072.0,0.0002814463603923,38715392.0,0.0019116390910286,29589504.0,0.0039598605127226,43667456.0,0.001428135831938,17235968.0,0.0005905775828263,23228416.0,14.0,2.2651892264278786,
1781415169,0,0.0006930870709319,112431104.0,0.001887012310252,61890560.0,0.0006217956064947,32149504.0,0.0014440879558541,28643328.0,0.0023369762262392,57958400.0,0.00129137,45223936.0,12890112.0,0.0029280478284075,19992576.0,0.0017412119498633,36868096.0,0.0026924294596282,74371072.0,0.0002814463603923,38715392.0,0.0018833615022524,29589504.0,0.0039598605127226,43667456.0,0.0017027716075985,17235968.0,0.000581075364294,23228416.0,14.0,2.2651892264278786,
1781415169,0,0.0006820037524485,112431104.0,0.0018533013104763,61890560.0,0.0006217956064947,32149504.0,0.0014205336159095,28643328.0,0.0023369762262392,57958400.0,0.00129137,45223936.0,12890112.0,,19992576.0,0.0017412119498633,36868096.0,0.0026423868131026,74371072.0,0.0002814463603923,38715392.0,0.0018501034356858,29589504.0,0.0039598605127226,43667456.0,0.0017027716075985,17235968.0,0.0005705440728686,23228416.0,14.0,2.2651892264278786,
1781415170,0,0.0006709788440757,112431104.0,0.0018198075207507,61890560.0,0.0008277652438107,32149504.0,0.0013961702761783,28643328.0,0.0023369762262392,57958400.0,0.00129137,45223936.0,12890112.0,,19992576.0,0.0017412119498633,36868096.0,0.0025798656660295,74371072.0,0.0002814463603923,38715392.0,0.0018069667354856,29589504.0,0.0039598605127226,43667456.0,0.0017027716075985,17235968.0,0.0005309529497579,23228416.0,14.0,2.2651892264278786,
1781415171,0,0.0006557046001579,112431104.0,0.0017759310906303,61890560.0,0.0008277652438107,32149504.0,0.0013659883610578,28643328.0,0.0023369762262392,57958400.0,0.0015493222500093,45223936.0,12890112.0,,19992576.0,0.0014753288851191,36868096.0,0.0025215897820293,74371072.0,0.0002814463603923,38715392.0,0.0017727619665291,29589504.0,0.0014889866666663,43667456.0,0.0017027716075985,17235968.0,0.000520594878528,23228416.0,14.0,2.717898573269224,
1781415172,0,0.000643774335071,112431104.0,0.0017395266862334,61890560.0,0.0008277652438107,32149504.0,0.0013391357912134,28643328.0,0.0023369762262392,57958400.0,0.0015232621015086,45223936.0,12890112.0,,19992576.0,0.0014546955235133,36868096.0,0.0024761140094154,74371072.0,0.0002814463603923,38715392.0,0.0017452252752754,29589504.0,0.0014889866666663,43667456.0,0.0014446527165317,17235968.0,0.0005122091672989,23228416.0,14.0,2.717898573269224,
1781415173,0,0.0006343557047392,112431104.0,0.0017120278938906,61890560.0,0.0008277652438107,32149504.0,0.0013206221422478,28643328.0,0.0023369762262392,57958400.0,0.0015042452363864,45223936.0,12890112.0,,19992576.0,0.0014391406967612,36868096.0,0.002441444360987,74371072.0,0.0002814463603923,38715392.0,0.0017226690618119,29589504.0,0.0014889866666663,43667456.0,0.0014285047657863,17235968.0,0.0005045106008442,23228416.0,14.0,2.717898573269224,
1781415173,0,0.0006251123047392,112431104.0,0.0016842250074777,61890560.0,0.0008277652438107,32149504.0,0.0012994325709106,28643328.0,0.0023369762262392,57958400.0,0.0014815146400283,45223936.0,12890112.0,,19992576.0,0.0014670506669066,36868096.0,0.002396869098722,74371072.0,0.0002814463603923,38715392.0,0.0016937740584335,29589504.0,0.0014889866666663,43667456.0,0.0014093769647276,17235968.0,0.0004961503394216,23228416.0,14.0,2.717898573269224,
1781415174,0,0.0006159565199051,112431104.0,0.001656899983175,61890560.0,0.0008277652438107,32149504.0,0.0012798921145233,28643328.0,0.0023369762262392,57958400.0,0.0014608970286837,45223936.0,12890112.0,,19992576.0,0.0014459447888266,36868096.0,0.0023501712049205,74371072.0,0.0002814463603923,38715392.0,0.0016632326161162,29589504.0,0.0014889866666663,43667456.0,0.0013873828314628,17235968.0,0.0004862885394177,23228416.0,14.0,2.717898573269224,
1781415175,0,0.0006046249584517,112431104.0,0.0016231889833993,61890560.0,0.0008635930865891,32149504.0,0.0017937847487886,28647424.0,0.0025021356128657,58011648.0,0.0019022828137871,45223936.0,12890112.0,,19992576.0,0.0017097393233499,36868096.0,0.0032594223982327,74424320.0,0.000331777935995,38608896.0,0.0024246930638065,29831168.0,0.0031193155446822,43663360.0,0.0013681131327701,17235968.0,0.0006767802125025,23109632.0,14.0,2.717898573269224,
1781415175,0,0.0009733108308165,112431104.0,0.0030543938322877,62029824.0,0.0008635930865891,32149504.0,0.0017937847487886,28647424.0,0.0025021356128657,58011648.0,0.0019022828137871,45223936.0,12890112.0,,19992576.0,0.0017097393233499,36868096.0,0.0032594223982327,74424320.0,0.000331777935995,38608896.0,0.0023965873446096,29831168.0,0.0031669389852129,43663360.0,0.0013510854166942,17235968.0,0.0006767802125025,23109632.0,14.0,2.717898573269224,
1781415176,0,0.0009733108308165,112431104.0,0.0030543938322877,62029824.0,0.0008635930865891,32149504.0,0.0015441796009946,28647424.0,0.0025021356128657,58011648.0,0.0019022828137871,45223936.0,12890112.0,,19992576.0,0.0017097393233499,36868096.0,0.0032594223982327,74424320.0,0.000331777935995,38608896.0,0.0023679185726074,29831168.0,0.0032142454644091,43663360.0,0.0013337171462966,17235968.0,0.0006767802125025,23109632.0,14.0,2.717898573269224,
1781415177,0,0.0008990555919681,112431104.0,0.0030543938322877,62029824.0,0.0008635930865891,32149504.0,0.0015248067257077,28647424.0,0.0025021356128657,58011648.0,0.0019022828137871,45223936.0,12890112.0,,19992576.0,0.0017097393233499,36868096.0,0.0032594223982327,74424320.0,0.000331777935995,38608896.0,0.0023339477200221,29831168.0,0.0032714569853129,43663360.0,0.0013135960618002,17235968.0,0.0006767802125025,23109632.0,14.0,2.717898573269224,
1781415177,0,0.0008990555919681,112431104.0,0.0030543938322877,62029824.0,0.0008635930865891,32149504.0,0.0015024442091728,28647424.0,0.0025021356128657,58011648.0,0.0019022828137871,45223936.0,12890112.0,,19992576.0,0.0017097393233499,36868096.0,0.0032594223982327,74424320.0,0.000331777935995,38608896.0,0.0023026513682619,29831168.0,0.0033240725668644,43663360.0,0.0012942412245272,17235968.0,0.0006767802125025,23109632.0,14.0,2.717898573269224,
1781415178,0,0.0008990555919681,112431104.0,0.0030543938322877,62029824.0,0.0008635930865891,32149504.0,0.0014824136128114,28647424.0,0.0025021356128657,58011648.0,0.0016453953721419,45223936.0,12890112.0,,19992576.0,0.0017097393233499,36868096.0,0.0032594223982327,74424320.0,0.000331777935995,38608896.0,0.0022713550165018,29831168.0,0.0027738474999999,43663360.0,0.0012762486045402,17235968.0,0.0006767802125025,23109632.0,14.0,2.717898573269224,
1781415179,0,0.0008990555919681,112431104.0,0.0030543938322877,62029824.0,0.0008635930865891,32149504.0,0.0014653427612854,28647424.0,0.0025021356128657,58011648.0,0.0016264042487176,45223936.0,12890112.0,,19992576.0,0.0017097393233499,36868096.0,0.0032594223982327,74424320.0,0.000331777935995,38608896.0,0.0022435777447746,29831168.0,0.0027738474999999,43663360.0,0.0012580573278657,17235968.0,0.0006767802125025,23109632.0,14.0,2.717898573269224,
1781415179,0,0.0008990555919681,112431104.0,0.0029432101431391,62029824.0,0.0008635930865891,32149504.0,0.0014465379178356,28647424.0,0.0025021356128657,58011648.0,0.0016064619838864,45223936.0,12890112.0,,19992576.0,0.0017097393233499,36868096.0,0.0032594223982327,74424320.0,0.000298152978991,38608896.0,0.0022142989989,29831168.0,0.0027738474999999,43663360.0,0.0012415688227988,17235968.0,0.0006767802125025,23109632.0,14.0,2.717898573269224,
1781415180,0,0.0008990555919681,112431104.0,0.0029432101431391,62029824.0,0.0008635930865891,32149504.0,0.0014267763891864,28647424.0,0.0025021356128657,58011648.0,0.0015849978928041,45223936.0,12890112.0,,19992576.0,0.0017097393233499,36868096.0,0.0032594223982327,74424320.0,0.000298152978991,38608896.0,0.0021798120145766,29831168.0,0.0027738474999999,43663360.0,0.0012207098706057,17235968.0,0.0006767802125025,23109632.0,14.0,2.717898573269224,
1781415181,0,0.0008990555919681,112431104.0,0.0029432101431391,62029824.0,0.0008635930865891,32149504.0,0.0014071344461872,28647424.0,0.0025021356128657,58011648.0,0.0015651507421136,45223936.0,12890112.0,,19992576.0,0.0017097393233499,36868096.0,0.0026365331970037,74424320.0,0.000298152978991,38608896.0,0.0021507678740375,29831168.0,0.0027738474999999,43663360.0,0.0012022915577168,17235968.0,0.0005573764435942,23109632.0,14.0,2.717898573269224,
1781415181,0,0.0008990555919681,112431104.0,0.0029432101431391,62029824.0,0.0008635930865891,32149504.0,0.0013875223996004,28647424.0,0.0025021356128657,58011648.0,0.001544732906579,45223936.0,12890112.0,,19992576.0,0.0017097393233499,36868096.0,0.0025907383123086,74424320.0,0.000298152978991,38608896.0,0.0014684049999999,29831168.0,0.0027738474999999,43663360.0,0.001177147296978,17235968.0,0.0005474164948002,23109632.0,14.0,2.717898573269224,
1781415182,0,0.0008990555919681,112431104.0,0.0024467886989963,62029824.0,0.0008635930865891,32149504.0,0.0014458569516849,28647424.0,0.0025021356128657,58011648.0,0.0015149621805432,45223936.0,12890112.0,,19992576.0,0.0017097393233499,36868096.0,0.0025533636021422,74424320.0,0.000298152978991,38608896.0,0.0017375691697575,29831168.0,0.0027738474999999,43663360.0,0.0011589843998302,17235968.0,0.000540208785537,23109632.0,14.0,2.717898573269224,
1781415183,0,0.0008990555919681,112431104.0,0.0024162774205124,62029824.0,0.0008635930865891,32149504.0,0.0014265420838246,28647424.0,0.0025021356128657,58011648.0,0.0014950833251391,45223936.0,12890112.0,,19992576.0,0.0017097393233499,36868096.0,0.0020541334032343,74424320.0,0.000298152978991,38608896.0,0.0017128628984571,29831168.0,0.0027738474999999,43663360.0,0.0011417012680131,17235968.0,0.0005328769999016,23109632.0,14.0,2.717898573269224,
1781415183,0,0.0008990555919681,112431104.0,0.0023853737140095,62029824.0,0.0008635930865891,32149504.0,0.0014060891877433,28647424.0,0.0025021356128657,58011648.0,0.0014752678791622,45223936.0,12890112.0,,19992576.0,0.0017097393233499,36868096.0,0.0020285193306377,74424320.0,0.000298152978991,38608896.0,0.0016886302298016,29831168.0,0.0027738474999999,43663360.0,0.001123311334651,17235968.0,0.000525804646681,23109632.0,14.0,2.717898573269224,
1781415184,0,0.0008990555919681,112431104.0,0.0023545681145113,62029824.0,0.0006210071033939,32149504.0,0.0013859207987173,28647424.0,0.0025021356128657,58011648.0,0.0014533916268036,45223936.0,12890112.0,,19992576.0,0.0009791275000001,36868096.0,0.0019957262273134,74424320.0,0.000298152978991,38608896.0,0.0016589905976186,29831168.0,0.0027738474999999,43663360.0,0.0011015442376006,17235968.0,0.0005171756989715,23109632.0,14.0,2.717898573269224,
1781415185,0,0.0008990555919681,112431104.0,0.0023147366705741,62029824.0,0.0006210071033939,32149504.0,0.0013606312826972,28647424.0,0.0025021356128657,58011648.0,0.0014296130916313,45223936.0,12890112.0,,19992576.0,0.0009791275000001,36868096.0,0.0019611162088048,74424320.0,0.000298152978991,38608896.0,0.0016288773627909,29831168.0,0.0027738474999999,43663360.0,0.0010798622791305,17235968.0,0.0005085693106026,23109632.0,14.0,2.717898573269224,
1781415186,0,0.0007458040741872,112431104.0,0.0022650945261599,62029824.0,0.0006210071033939,32149504.0,0.001327691688081,28647424.0,0.0025021356128657,58011648.0,0.001396545075385,45223936.0,12890112.0,,19992576.0,0.0009791275000001,36868096.0,0.0019151615491463,74424320.0,0.000298152978991,38608896.0,0.0015881870022307,29831168.0,0.0027738474999999,43663360.0,0.0010266433213975,17235968.0,0.0004975377931388,23109632.0,14.0,2.717898573269224,
1781415186,0,0.0007355548404388,112431104.0,0.0022326211075805,62029824.0,0.0006210071033939,32149504.0,0.0013079974774804,28647424.0,0.0025021356128657,58011648.0,0.0008994024999999,45223936.0,12890112.0,,19992576.0,0.0009791275000001,36868096.0,0.0018910541867024,74424320.0,0.000298152978991,38608896.0,0.0015662039461376,29831168.0,0.0027738474999999,43663360.0,0.0010109007966738,17235968.0,0.0004910068640881,23109632.0,14.0,3.2359771545394693,
1781415187,0,0.0007265642845191,112431104.0,0.0022023060431062,62029824.0,0.0006210071033939,32149504.0,0.0012875761932942,28647424.0,0.0020561924932627,58011648.0,0.0008994024999999,45223936.0,12890112.0,,19992576.0,0.0009791275000001,36868096.0,0.0018583053983826,74424320.0,0.000298152978991,38608896.0,0.0015383797907595,29831168.0,0.0027738474999999,43663360.0,0.0009921454784254,17235968.0,0.0004238563233287,23109632.0,14.0,3.2359771545394693,
1781415188,0,0.0007162551137312,112431104.0,0.0021685572334649,62029824.0,0.0005214570771902,32149504.0,0.001264720793191,28647424.0,0.0020261251636481,58011648.0,0.0008994024999999,45223936.0,12890112.0,,19992576.0,0.0009791275000001,36868096.0,0.0018300767405209,74424320.0,0.000298152978991,38608896.0,0.0015128447148309,29831168.0,0.0027738474999999,43663360.0,0.0009744215669693,17235968.0,0.0004175284888016,23109632.0,14.0,3.2359771545394693,
1781415188,0,0.0007068599827951,112431104.0,0.0021384874365025,62029824.0,0.0005152884066299,32149504.0,0.0012474606985073,28647424.0,0.0020038144544334,58011648.0,0.0008994024999999,45223936.0,12890112.0,,19992576.0,0.0009791275000001,36868096.0,0.0018062795831085,74424320.0,0.000298152978991,38608896.0,0.0014920456653496,29831168.0,0.0027738474999999,43663360.0,0.0009593847416298,17235968.0,0.0004119607841632,23109632.0,14.0,3.2359771545394693,
1781415189,0,0.0006985137500497,112431104.0,0.0021109684216641,62029824.0,0.0005094509398579,32149504.0,0.0012297580372932,28647424.0,0.0019797522502897,58011648.0,0.0008994024999999,45223936.0,12890112.0,,19992576.0,0.0011687218798425,36868096.0,0.0017784940752918,74424320.0,0.000298152978991,38608896.0,0.0014654844503574,29831168.0,0.0032785093750088,43663360.0,0.0009419593952977,17235968.0,0.0004054453851181,23109632.0,14.0,3.2359771545394693,
1781415190,0,0.0006883843903802,112431104.0,0.0020778573075538,62029824.0,0.0005023300584057,32149504.0,0.001208072277306,28647424.0,0.0026930234001614,58040320.0,0.0015688976994105,45355008.0,13848576.0,,19992576.0,0.0014763520731375,36868096.0,0.0025003221969941,74432512.0,0.0003968521267339,38883328.0,0.0027869076869071,29941760.0,0.0041214054207819,43667456.0,0.0015818318935964,17235968.0,0.0005851868016759,23109632.0,14.0,3.2359771545394693,0.0070023078822209
1781415190,0,0.0012454090000225,112324608.0,0.0028777055224666,62054400.0,0.0004867406170483,32149504.0,0.0016999493866139,28647424.0,0.0026930234001614,58040320.0,0.0015688976994105,45355008.0,13848576.0,,19992576.0,0.0014763520731375,36868096.0,0.0025003221969941,74432512.0,0.0003968521267339,38883328.0,0.0027869076869071,29941760.0,0.0040785404798891,43667456.0,0.0015818318935964,17235968.0,0.0005851868016759,23109632.0,14.0,3.2359771545394693,0.0070792583239351
1781415191,0,0.0012454090000225,112324608.0,0.0028777055224666,62054400.0,0.0004867406170483,32149504.0,0.0014604029076319,28647424.0,0.0026930234001614,58040320.0,0.0015688976994105,45355008.0,13848576.0,,19992576.0,0.0014763520731375,36868096.0,0.0025003221969941,74432512.0,0.0003761067282183,38883328.0,0.0027869076869071,29941760.0,0.0040316769437637,43667456.0,0.0015818318935964,17235968.0,0.0005851868016759,23109632.0,14.0,3.2359771545394693,0.0071435273328548
1781415191,0,0.0012454090000225,112324608.0,0.0028777055224666,62054400.0,0.0004867406170483,32149504.0,0.0014434600787453,28647424.0,0.0026930234001614,58040320.0,0.0015688976994105,45355008.0,13848576.0,,19992576.0,0.0014763520731375,36868096.0,0.0025003221969941,74432512.0,0.0003821807586979,38883328.0,0.0027869076869071,29941760.0,0.0039808148124058,43667456.0,0.0015818318935964,17235968.0,0.0005851868016759,23109632.0,14.0,3.2359771545394693,0.007220970257396
1781415192,0,0.0012454090000225,112324608.0,0.0032478431261982,62054400.0,0.0004867406170483,32149504.0,0.0014254406152472,28647424.0,0.0026930234001614,58040320.0,0.0015688976994105,45355008.0,13848576.0,,19992576.0,0.0014763520731375,36868096.0,0.0025003221969941,74432512.0,0.0003879977377308,38883328.0,0.0027869076869071,29941760.0,0.0039313921753316,43667456.0,0.0015818318935964,17235968.0,0.0005851868016759,23109632.0,14.0,3.2359771545394693,0.0072982900612305
1781415193,0,0.0012454090000225,112324608.0,0.0032478431261982,62054400.0,0.0004867406170483,32149504.0,0.0014065145120762,28647424.0,0.0026930234001614,58040320.0,0.0015688976994105,45355008.0,13848576.0,,19992576.0,0.0014763520731375,36868096.0,0.0025003221969941,74432512.0,0.0003941860132978,38883328.0,0.0027869076869071,29941760.0,0.0038794904092132,43667456.0,0.0015818318935964,17235968.0,0.0005851868016759,23109632.0,14.0,3.2359771545394693,0.0073838589524167
1781415193,0,0.0012454090000225,112324608.0,0.0032478431261982,62054400.0,0.0004867406170483,32149504.0,0.0013879000662928,28647424.0,0.0029587261504331,58040320.0,0.0015688976994105,45355008.0,13848576.0,,19992576.0,0.0014763520731375,36868096.0,0.0025003221969941,74432512.0,0.0003999934719068,38883328.0,0.0027869076869071,29941760.0,0.00383214704166,43667456.0,0.0015818318935964,17235968.0,0.0005851868016759,23109632.0,14.0,3.2359771545394693,0.0073872424045658
1781415194,0,0.001563473093871,112324608.0,0.0032478431261982,62054400.0,0.0004867406170483,32149504.0,0.0011837747904546,28647424.0,0.0030002805007395,58040320.0,0.0013655336931736,45355008.0,13848576.0,,19992576.0,0.0014763520731375,36868096.0,0.0025003221969941,74432512.0,0.000406876738422,38883328.0,0.0023678728919499,29941760.0,0.0037743273545974,43667456.0,0.0015818318935964,17235968.0,0.0005851868016759,23109632.0,14.0,3.2359771545394693,0.0073872424045658
1781415195,0,0.001563473093871,112324608.0,0.0032478431261982,62054400.0,0.0004867406170483,32149504.0,0.0011695508470745,28647424.0,0.0030348151116276,58040320.0,0.001351152130929,45355008.0,13848576.0,,19992576.0,0.0014763520731375,36868096.0,0.0025003221969941,74432512.0,0.0004124557068563,38883328.0,0.0023396786758507,29941760.0,0.0037236251670488,43667456.0,0.0015818318935964,17235968.0,0.0005851868016759,23109632.0,14.0,3.2359771545394693,0.0073872424045658
1781415195,0,0.001311701809988,112324608.0,0.0032478431261982,62054400.0,0.0004867406170483,32149504.0,0.0011509049523844,28647424.0,0.0030825744101697,58040320.0,0.0013314101682114,45355008.0,13848576.0,,19992576.0,0.0014763520731375,36868096.0,0.0025003221969941,74432512.0,0.0004191961670123,38883328.0,0.0028776617773062,29941760.0,0.00366724497427,43667456.0,0.0012921787009802,17235968.0,0.0005851868016759,23109632.0,14.0,3.2359771545394693,0.0073872424045658
1781415196,0,0.0012942951428762,112324608.0,0.0032478431261982,62054400.0,0.0004867406170483,32149504.0,0.001134420900557,28647424.0,0.0031255076378618,58040320.0,0.0013134201412582,45355008.0,13848576.0,,19992576.0,0.0014763520731375,36868096.0,0.0025003221969941,74432512.0,0.0004260032701359,38883328.0,0.0028386196347736,29941760.0,0.0036119843881563,43667456.0,0.0012745940030964,17235968.0,0.0005851868016759,23109632.0,14.0,3.2359771545394693,0.0073872424045658
1781415197,0,0.0012760546234477,112324608.0,0.0032478431261982,62054400.0,0.0004867406170483,32149504.0,0.0011177403175602,28647424.0,0.0031666232544545,58040320.0,0.0012945410722753,45355008.0,13848576.0,,19992576.0,0.0014763520731375,36868096.0,0.0025003221969941,74432512.0,0.0004335720071755,38883328.0,0.0027908950717368,29941760.0,0.003546327454438,43667456.0,0.0012520001708829,17235968.0,0.0005851868016759,23109632.0,14.0,3.2359771545394693,0.0073872424045658
1781415198,0,0.0012529933953131,112324608.0,0.0032478431261982,62054400.0,0.0004867406170483,32149504.0,0.0010952620650683,28647424.0,0.00266982,58040320.0,0.0012722365766486,45355008.0,13848576.0,,19992576.0,0.0014763520731375,36868096.0,0.0025003221969941,74432512.0,0.0004405885596261,38883328.0,0.0027505879407864,29941760.0,0.0034893874583267,43667456.0,0.001233202735214,17235968.0,0.0004784877415036,23109632.0,14.0,3.2359771545394693,0.0073872424045658
1781415198,0,0.0012345444128055,112324608.0,0.0032478431261982,62054400.0,0.0004867406170483,32149504.0,0.0010785077828831,28647424.0,0.0031626746510317,58040320.0,0.0012539589184505,45355008.0,13848576.0,,19992576.0,0.0012716271513511,36868096.0,0.0025003221969941,74432512.0,0.0004474242240216,38883328.0,0.0027072333377385,29941760.0,0.0034301282769804,43667456.0,0.0012144316634099,17235968.0,0.0004716800683775,23109632.0,14.0,3.2359771545394693,0.0073872424045658
1781415199,0,0.0012168511089598,112324608.0,0.0032478431261982,62054400.0,0.0004581076618779,32149504.0,0.0010611393407937,28647424.0,0.0031182371934643,58040320.0,0.0012358381500223,45355008.0,13848576.0,,19992576.0,0.0012540339558129,36868096.0,0.0025003221969941,74432512.0,0.0004545550215595,38883328.0,0.0026657762173173,29941760.0,0.0033738280561063,43667456.0,0.0011871562517634,17235968.0,0.0004650381981784,23109632.0,14.0,3.2359771545394693,0.0073872424045658
1781415200,0,0.0011988711683803,112324608.0,0.0032478431261982,62054400.0,0.000548719550281,32149504.0,0.0010459081751707,28647424.0,0.0030800673603775,58040320.0,0.0012190509446386,45355008.0,13848576.0,,19992576.0,0.0012338325382788,36868096.0,0.0025003221969941,74432512.0,0.0004624664938613,38883328.0,0.0026162691706008,29941760.0,0.0033048123023926,43667456.0,0.0011641438663845,17235968.0,0.0004561238525662,23109632.0,14.0,3.2359771545394693,0.0073872424045658
1781415200,0,0.001170389900187,112324608.0,0.0026368155727228,62054400.0,0.000548719550281,32149504.0,0.0010101149359568,28647424.0,0.0029872438418198,58040320.0,0.0011806129510031,45355008.0,13848576.0,,19992576.0,0.0012035181090437,36868096.0,0.0025003221969941,74432512.0,0.0004740433293835,38883328.0,0.0025479597960372,29941760.0,0.0032089259887163,43667456.0,0.0011332892714631,17235968.0,0.0004444298696461,23109632.0,14.0,3.269113234803328,0.0073872424045658
1781415202,0,0.0011415959373748,112324608.0,0.0025897218473929,62054400.0,0.000548719550281,32149504.0,0.0009896265615543,28647424.0,0.0029363507310374,58040320.0,0.001219390340909,45355008.0,13848576.0,,19992576.0,0.0011836857795279,36868096.0,0.0023941072395738,74432512.0,0.0004816406276949,38883328.0,0.0025014427219447,29941760.0,0.0034656167994592,43667456.0,0.0011124109955663,17235968.0,0.0004367151569773,23109632.0,14.0,3.269113234803328,0.0073872424045658
1781415202,0,0.0011240589808386,112324608.0,0.0025550781873801,62054400.0,0.000548719550281,32149504.0,0.0009737812360272,28647424.0,0.0028957365244031,58040320.0,0.0012012273223561,45355008.0,13848576.0,,19992576.0,0.001166658518951,36868096.0,0.0023941072395738,74432512.0,0.0005712254369507,38883328.0,0.0024625730778327,29941760.0,0.0034079576951554,43667456.0,0.0010962123332325,17235968.0,0.0004302098303654,23109632.0,14.0,3.269113234803328,0.0073872424045658
1781415203,0,0.0011060790402591,112324608.0,0.0025186482136479,62054400.0,0.000548719550281,32149504.0,0.0009569778210496,28647424.0,0.0028531793541798,58040320.0,0.0011829006730054,45355008.0,13848576.0,,19992576.0,0.0011679213429447,36868096.0,0.0023941072395738,74432512.0,0.0005712254369507,38883328.0,0.0024229559405648,29941760.0,0.0033454421578703,43667456.0,0.0010781623952035,17235968.0,0.0004236752444133,23109632.0,14.0,3.269113234803328,0.0073872424045658
1781415204,0,0.0010883596785285,112324608.0,0.0024812980176967,62054400.0,0.000548719550281,32149504.0,0.0009407148667876,28647424.0,0.0028100580977533,58040320.0,0.0011639740440629,45355008.0,13848576.0,,19992576.0,0.0011520097263936,36868096.0,0.0023941072395738,74432512.0,0.0005712254369507,38883328.0,0.0023875937643387,29941760.0,0.0032911384072625,43667456.0,0.0010624265517936,17235968.0,0.0004103628439436,23109632.0,14.0,3.269113234803328,0.0073872424045658
1781415204,0,0.0010719953268127,112324608.0,0.0024464919655276,62054400.0,0.000548719550281,32149504.0,0.0009245010453181,28647424.0,0.0027705720635256,58040320.0,0.001146847353896,45355008.0,13848576.0,,19992576.0,0.0016554455911045,36868096.0,0.0027594145275296,74432512.0,0.0005712254369507,38883328.0,0.0036192399198596,29339648.0,0.0055130943818427,43667456.0,0.0015394382107086,17371136.0,0.0007060442966636,23142400.0,14.0,3.269113234803328,0.0073872424045658
1781415205,0,0.0014046419466975,112324608.0,0.0032782946613846,62042112.0,0.0006005586473961,32165888.0,0.0016392684758125,28643328.0,0.003656072583119,58073088.0,0.0015855159116581,45207552.0,14041088.0,,19992576.0,0.0016554455911045,36868096.0,0.0027594145275296,74432512.0,0.0005712254369507,38883328.0,0.0036192399198596,29339648.0,0.0055130943818427,43667456.0,0.0015394382107086,17371136.0,0.0007060442966636,23142400.0,14.0,3.269113234803328,0.0081530593203692
1781415206,0,0.0014046419466975,112324608.0,0.0030512091162143,62042112.0,0.0006005586473961,32165888.0,0.0016392684758125,28643328.0,0.003656072583119,58073088.0,0.0015855159116581,45207552.0,14041088.0,,19992576.0,0.0016554455911045,36868096.0,0.0027594145275296,74432512.0,0.0005712254369507,38883328.0,0.0036192399198596,29339648.0,0.0055130943818427,43667456.0,0.0015394382107086,17371136.0,0.0007060442966636,23142400.0,14.0,3.269113234803328,0.0081530593203692
1781415207,0,0.0014046419466975,112324608.0,0.0030512091162143,62042112.0,0.0006005586473961,32165888.0,0.0016392684758125,28643328.0,0.003656072583119,58073088.0,0.0015855159116581,45207552.0,14041088.0,,19992576.0,0.0016554455911045,36868096.0,0.0027594145275296,74432512.0,0.0004770137016556,38883328.0,0.0036192399198596,29339648.0,0.0055130943818427,43667456.0,0.0015394382107086,17371136.0,0.0007060442966636,23142400.0,14.0,3.269113234803328,0.0081530593203692
1781415207,0,0.001197191938303,112324608.0,0.0030512091162143,62042112.0,0.0006005586473961,32165888.0,0.0016392684758125,28643328.0,0.003656072583119,58073088.0,0.0015855159116581,45207552.0,14041088.0,,19992576.0,0.0016554455911045,36868096.0,0.0027594145275296,74432512.0,0.0004714442536454,38883328.0,0.0036192399198596,29339648.0,0.0055130943818427,43667456.0,0.0015394382107086,17371136.0,0.0007060442966636,23142400.0,14.0,3.269113234803328,0.0081530593203692
1781415208,0,0.001183543500721,112324608.0,0.0030512091162143,62042112.0,0.0006005586473961,32165888.0,0.0016392684758125,28643328.0,0.003656072583119,58073088.0,0.0015855159116581,45207552.0,14041088.0,,19992576.0,0.0016554455911045,36868096.0,0.0027594145275296,74432512.0,0.0004658462443633,38883328.0,0.0036347981661632,29339648.0,0.0055130943818427,43667456.0,0.0015394382107086,17371136.0,0.0007060442966636,23142400.0,14.0,3.269113234803328,0.0081530593203692
1781415208,0,0.0009757899999999,112324608.0,0.0030512091162143,62042112.0,0.0006005586473961,32165888.0,0.0016389863433011,28643328.0,0.003656072583119,58073088.0,0.0015855159116581,45207552.0,14041088.0,,19992576.0,0.0016554455911045,36868096.0,0.0027594145275296,74432512.0,0.0004601435104177,38883328.0,0.0036347981661632,29339648.0,0.0055130943818427,43667456.0,0.0015394382107086,17371136.0,0.0007060442966636,23142400.0,14.0,3.269113234803328,0.0081530593203692
1781415209,0,0.0009757899999999,112324608.0,0.0030512091162143,62042112.0,0.0006005586473961,32165888.0,0.0016389863433011,28643328.0,0.003656072583119,58073088.0,0.0015855159116581,45207552.0,14041088.0,,19992576.0,0.0016554455911045,36868096.0,0.0027594145275296,74432512.0,0.0004529365494882,38883328.0,0.0036347981661632,29339648.0,0.0055130943818427,43667456.0,0.0015394382107086,17371136.0,0.0007060442966636,23142400.0,14.0,3.269113234803328,0.0081530593203692
1781415210,0,0.0009757899999999,112324608.0,0.0030512091162143,62042112.0,0.0006005586473961,32165888.0,0.0016389863433011,28643328.0,0.003656072583119,58073088.0,0.0015855159116581,45207552.0,14041088.0,,19992576.0,0.0016554455911045,36868096.0,0.0027594145275296,74432512.0,0.0004472052542708,38883328.0,0.0036347981661632,29339648.0,0.0055130943818427,43667456.0,0.0015394382107086,17371136.0,0.0007060442966636,23142400.0,14.0,3.269113234803328,0.0081530593203692
1781415210,0,0.0009757899999999,112324608.0,0.0030512091162143,62042112.0,0.0006005586473961,32165888.0,0.0016389863433011,28643328.0,0.003656072583119,58073088.0,0.0015855159116581,45207552.0,14041088.0,,19992576.0,0.0016554455911045,36868096.0,0.0027594145275296,74432512.0,0.0004410645808235,38883328.0,0.0036347981661632,29339648.0,0.0055130943818427,43667456.0,0.0015394382107086,17371136.0,0.0007060442966636,23142400.0,14.0,3.269113234803328,0.0081530593203692
1781415211,0,0.0009757899999999,112324608.0,0.0030512091162143,62042112.0,0.0006005586473961,32165888.0,0.0016389863433011,28643328.0,0.0031300348287084,58073088.0,0.0015855159116581,45207552.0,14041088.0,,19992576.0,0.0016554455911045,36868096.0,0.0027594145275296,74432512.0,0.0004339147424377,38883328.0,0.0036347981661632,29339648.0,0.0055130943818427,43667456.0,0.0015394382107086,17371136.0,0.0007060442966636,23142400.0,14.0,3.269113234803328,0.0081530593203692
1781415212,0,0.0009757899999999,112324608.0,0.0030512091162143,62042112.0,0.0006005586473961,32165888.0,0.0016389863433011,28643328.0,0.0030903664411815,58073088.0,0.0015855159116581,45207552.0,14041088.0,,19992576.0,0.0016554455911045,36868096.0,0.0027594145275296,74432512.0,0.0004270885984661,38883328.0,0.0036347981661632,29339648.0,0.0055130943818427,43667456.0,0.0015394382107086,17371136.0,0.0007060442966636,23142400.0,14.0,3.269113234803328,0.0081530593203692
1781415213,0,0.0009757899999999,112324608.0,0.0030512091162143,62042112.0,0.0006005586473961,32165888.0,0.0016389863433011,28643328.0,0.0030435687121176,58073088.0,0.0015855159116581,45207552.0,14041088.0,,19992576.0,0.0016554455911045,36868096.0,0.0027594145275296,74432512.0,0.0004203195770383,38883328.0,0.0036347981661632,29339648.0,0.0055130943818427,43667456.0,0.0015394382107086,17371136.0,0.0007060442966636,23142400.0,14.0,3.269113234803328,0.0081530593203692
1781415213,0,0.0009757899999999,112324608.0,0.0030512091162143,62042112.0,0.0006005586473961,32165888.0,0.0016389863433011,28643328.0,0.002713123663142,58073088.0,0.0015140785066982,45207552.0,14041088.0,,19992576.0,0.0014181052763998,36868096.0,0.0027594145275296,74432512.0,0.0004143597916461,38883328.0,0.0036347981661632,29339648.0,0.0054626654507552,43667456.0,0.0015394382107086,17371136.0,0.0007060442966636,23142400.0,14.0,3.269113234803328,0.0081530593203692
1781415214,0,0.0011685643435242,112324608.0,0.0030512091162143,62042112.0,0.0006005586473961,32165888.0,0.0013527646948826,28643328.0,0.0026754184214502,58073088.0,0.0015140785066982,45207552.0,14041088.0,,19992576.0,0.0013980743847475,36868096.0,0.0027594145275296,74432512.0,0.000407267075804,38883328.0,0.0036347981661632,29339648.0,0.0054626654507552,43667456.0,0.0015394382107086,17371136.0,0.0007060442966636,23142400.0,14.0,3.269113234803328,0.0081530593203692
1781415215,0,0.0011502658387532,112324608.0,0.0030512091162143,62042112.0,0.0006005586473961,32165888.0,0.0013341895163252,28643328.0,0.0026353979456194,58073088.0,0.0015140785066982,45207552.0,14041088.0,,19992576.0,0.0013777124039769,36868096.0,0.0027594145275296,74432512.0,0.0004000601148744,38883328.0,0.0036347981661632,29339648.0,0.0054626654507552,43667456.0,0.0015394382107086,17371136.0,0.0007060442966636,23142400.0,14.0,3.269113234803328,0.0081530593203692
1781415215,0,0.0011304851281466,112324608.0,0.0030512091162143,62042112.0,0.0006005586473961,32165888.0,0.0013069550265874,28643328.0,0.0025801630740181,58073088.0,0.0015140785066982,45207552.0,14041088.0,,19992576.0,0.0013888187814305,36868096.0,0.0027594145275296,74432512.0,0.0003908348240677,38883328.0,0.0029587257072568,29339648.0,0.0054626654507552,43667456.0,0.0015361698934414,17371136.0,0.0007060442966636,23142400.0,14.0,3.269113234803328,0.0081530593203692
1781415216,0,0.0011021076236932,112324608.0,0.0030512091162143,62042112.0,0.0006005586473961,32165888.0,0.0012852657739777,28643328.0,0.0025401977228097,58073088.0,0.0015140785066982,45207552.0,14041088.0,,19992576.0,0.0013678951179446,36868096.0,0.0027594145275296,74432512.0,0.0003839134758566,38883328.0,0.0029155927690184,29339648.0,0.0054626654507552,43667456.0,0.0015361698934414,17371136.0,0.0005782032093477,23142400.0,14.0,3.5387081360986627,0.0081530593203692
1781415217,0,0.0010840247124983,112324608.0,0.0030512091162143,62042112.0,0.0004613830980924,32165888.0,0.0012673735063966,28643328.0,0.0025032642258308,58073088.0,0.0015140785066982,45207552.0,14041088.0,,19992576.0,0.0013509070285109,36868096.0,0.0027594145275296,74432512.0,0.0003784297116619,38883328.0,0.0028806987066232,29339648.0,0.0054626654507552,43667456.0,0.0015361698934414,17371136.0,0.000571801741058,23142400.0,14.0,3.5387081360986627,0.0081530593203692
1781415218,0,0.0010692835017329,112324608.0,0.0025082973074692,62042112.0,0.0004613830980924,32165888.0,0.0012521309334039,28643328.0,0.0024734969297583,58073088.0,0.0015140785066982,45207552.0,14041088.0,,19992576.0,0.0013347400300665,36868096.0,0.0027594145275296,74432512.0,0.0003726984164445,38883328.0,0.0028427756457562,29339648.0,0.0054626654507552,43667456.0,0.0012169409881685,17371136.0,0.0005642470670837,23142400.0,14.0,3.5387081360986627,0.0081530593203692
1781415218,0,0.001051200590538,112324608.0,0.0024723947468684,62042112.0,0.0004613830980924,32165888.0,0.0012327362616749,28643328.0,0.0024327047092145,58073088.0,0.0015140785066982,45207552.0,14041088.0,,19992576.0,0.0013135898587215,36868096.0,0.0027594145275296,74432512.0,0.0003654628942431,38883328.0,0.0027970983488014,29339648.0,0.0054626654507552,43667456.0,0.0011972268078693,17371136.0,0.000555280304516,23142400.0,14.0,3.5387081360986627,0.0081530593203692
1781415219,0,0.0010307461500061,112324608.0,0.002434864874739,62042112.0,0.0004613830980924,32165888.0,0.0012130411091162,28643328.0,0.0023937316012085,58073088.0,0.0015140785066982,45207552.0,14041088.0,,19992576.0,0.0012948180198972,36868096.0,0.0027594145275296,74432512.0,0.0004225041488594,38883328.0,0.0027597810876288,29339648.0,0.0054626654507552,43667456.0,0.0011809434069988,17371136.0,0.0005477609327566,23142400.0,14.0,3.5387081360986627,0.0038633233333333
1781415220,0,0.0010136873082977,112324608.0,0.0024034882743273,62046208.0,0.00050735540303,32165888.0,0.0017935186138274,28647424.0,0.0037833426639679,58134528.0,0.0015140785066982,45207552.0,14327808.0,,19992576.0,0.0016531102036724,36868096.0,0.002834384517656,74432512.0,0.0004933643910888,38678528.0,0.0042355178109004,29483008.0,0.0054626654507552,43667456.0,0.0016348459711785,17240064.0,0.0007335137402978,23142400.0,14.0,3.5387081360986343,0.0068035131349046
1781415220,0,0.0015420890937019,112324608.0,0.0032756453014775,62046208.0,0.00050735540303,32165888.0,0.0017935186138274,28647424.0,0.0037833426639679,58134528.0,0.0015140785066982,45207552.0,14327808.0,,19992576.0,0.0016531102036724,36868096.0,0.0021841692266384,74432512.0,0.0004933643910888,38678528.0,0.0039792432510501,29483008.0,0.0054626654507552,43667456.0,0.0016348459711785,17240064.0,0.0007335137402978,23142400.0,14.0,3.5387081360986627,0.0069221775353282
1781415221,0,0.0015420890937019,112324608.0,0.0032756453014775,62046208.0,0.00050735540303,32165888.0,0.0019456123981612,28647424.0,0.0037833426639679,58134528.0,0.0015140785066982,45207552.0,14327808.0,,19992576.0,0.0016531102036724,36868096.0,0.0022203404574878,74432512.0,0.0004933643910888,38678528.0,0.0047364425302136,29483008.0,0.0054626654507552,43667456.0,0.0016348459711785,17240064.0,0.0007335137402978,23142400.0,14.0,3.5387081360986627,0.0070460925729387
1781415222,0,0.0015420890937019,112324608.0,0.0032756453014775,62046208.0,0.00050735540303,32165888.0,0.0019456123981612,28647424.0,0.0037833426639679,58134528.0,0.0015140785066982,45207552.0,14327808.0,,19992576.0,0.0016531102036724,36868096.0,0.0022546733896093,74432512.0,0.0004933643910888,38678528.0,0.0047364425302136,29483008.0,0.0054626654507552,43667456.0,0.0016348459711785,17240064.0,0.0008181135495566,23142400.0,14.0,3.538708136098677,0.0071484799980829
1781415222,0,0.0015420890937019,112324608.0,0.0032756453014775,62046208.0,0.00050735540303,32165888.0,0.0019456123981612,28647424.0,0.0037833426639679,58134528.0,0.0015140785066982,45207552.0,14327808.0,,19992576.0,0.0016531102036724,36868096.0,0.0022922503783093,74432512.0,0.0004933643910888,38678528.0,0.0047364425302136,29483008.0,0.0054626654507552,43667456.0,0.0016348459711785,17240064.0,0.0008181135495566,23142400.0,14.0,3.5387081360986627,0.0072751953755264
1781415223,0,0.0015420890937019,112324608.0,0.0032756453014775,62046208.0,0.00050735540303,32165888.0,0.0019456123981612,28647424.0,0.0037833426639679,58134528.0,0.0015140785066982,45207552.0,14327808.0,,19992576.0,0.0016531102036724,36868096.0,0.0023257182286767,74432512.0,0.0004933643910888,38678528.0,0.0047364425302136,29483008.0,0.0054626654507552,43667456.0,0.0013774190374418,17240064.0,0.0008181135495566,23142400.0,14.0,3.5387081360986627,0.0073803831405036
1781415224,0,0.0015420890937019,112324608.0,0.0032756453014775,62046208.0,0.00050735540303,32165888.0,0.0019456123981612,28647424.0,0.0037833426639679,58134528.0,0.0015294064600754,45207552.0,14327808.0,,19992576.0,0.0014274836207351,36868096.0,0.002359186079044,74432512.0,0.0004933643910888,38678528.0,0.0047364425302136,29483008.0,0.0054626654507552,43667456.0,0.0013602259073116,17240064.0,0.0008181135495566,23142400.0,14.0,3.5387081360986627,0.0074881962240743
1781415224,0,0.0015420890937019,112324608.0,0.0035482460724936,62046208.0,0.00050735540303,32165888.0,0.0019456123981612,28647424.0,0.0037833426639679,58134528.0,0.0015294064600754,45207552.0,14327808.0,,19992576.0,0.0014056901178833,36868096.0,0.0024011966117345,74432512.0,0.0004933643910888,38678528.0,0.0047364425302136,29483008.0,0.0043691308719382,43667456.0,0.0013397358378061,17240064.0,0.0008181135495566,23142400.0,14.0,3.5387081360986627,0.0076171868776321
1781415225,0,0.0015420890937019,112324608.0,0.0035482460724936,62046208.0,0.00050735540303,32165888.0,0.0019456123981612,28647424.0,0.0037833426639679,58134528.0,0.0015294064600754,45207552.0,14327808.0,,19992576.0,0.0013889110493161,36868096.0,0.0024344481916633,74432512.0,0.0004933643910888,38678528.0,0.0047364425302136,29483008.0,0.0056905610849827,43667456.0,0.0013237143472886,17240064.0,0.0008181135495566,23142400.0,14.0,3.5387081360986627,0.0077327008957435
1781415226,0,0.0015420890937019,112324608.0,0.0035482460724936,62046208.0,0.00050735540303,32165888.0,0.0019456123981612,28647424.0,0.0037833426639679,58134528.0,0.0015294064600754,45207552.0,14327808.0,,19992576.0,0.0013710574591164,36868096.0,0.0024695921379295,74432512.0,0.0004085673863704,38678528.0,0.0047364425302136,29483008.0,0.0056905610849827,43667456.0,0.0013064667222926,17240064.0,0.0008181135495566,23142400.0,14.0,3.5387081360986627,0.0078415641067516
1781415226,0,0.0015420890937019,112324608.0,0.0035482460724936,62046208.0,0.00050735540303,32165888.0,0.0019456123981612,28647424.0,0.0037833426639679,58134528.0,0.0015294064600754,45207552.0,14327808.0,,19992576.0,0.0013540304240186,36868096.0,0.0025030059206872,74432512.0,0.0004032390509467,38678528.0,0.0039756119784437,29483008.0,0.0056905610849827,43667456.0,0.0012883744268783,17240064.0,0.0006860222993677,23142400.0,14.0,3.5387081360986627,0.0079546278275091
1781415227,0,0.0013115082219661,112324608.0,0.0035482460724936,62046208.0,0.00050735540303,32165888.0,0.0019456123981612,28647424.0,0.0037833426639679,58134528.0,0.0015294064600754,45207552.0,14327808.0,,19992576.0,0.0013381330142266,36868096.0,0.0025335541201339,74432512.0,0.0003988316623863,38678528.0,0.0039333786992159,29483008.0,0.0056905610849827,43667456.0,0.0012750504322132,17240064.0,0.0006793546739388,23142400.0,14.0,3.5387081360986627,0.0080577153376116
1781415227,0,0.0012856452007834,112324608.0,0.0035482460724936,62046208.0,0.00050735540303,32165888.0,0.0019456123981612,28647424.0,0.0037833426639679,58134528.0,0.0015294064600754,45207552.0,14327808.0,,19992576.0,0.0013281041456576,36868096.0,0.0025522615130695,74432512.0,0.0003960605990563,38678528.0,0.0039080387316793,29483008.0,0.0056905610849827,43667456.0,0.0012658952947746,17240064.0,0.0006747459676097,23142400.0,14.0,3.5387081360986627,0.0081243984298851
1781415228,0,0.0012856452007834,112324608.0,0.0035482460724936,62046208.0,0.00050735540303,32165888.0,0.0019456123981612,28647424.0,0.0037833426639679,58134528.0,0.0015294064600754,45207552.0,14327808.0,,19992576.0,0.001317744655048,36868096.0,0.0025723746638556,74432512.0,0.0003929688488722,38678528.0,0.0038784359658654,29483008.0,0.0056905610849827,43667456.0,0.0012561407138132,17240064.0,0.0006701508965063,23142400.0,14.0,3.5387081360986627,0.0081935318195124
1781415228,0,0.0012856452007834,112324608.0,0.0035482460724936,62046208.0,0.00050735540303,32165888.0,0.0019456123981612,28647424.0,0.004043434807934,58134528.0,0.0015294064600754,45207552.0,14327808.0,,19992576.0,0.0013065586093364,36868096.0,0.0025952993303431,74432512.0,0.0003895893027932,38678528.0,0.0038460702752423,29483008.0,0.0056905610849827,43667456.0,0.0012450237612092,17240064.0,0.0006645604539177,23142400.0,14.0,3.5387081360986627,0.0082605649542649
1781415229,0,0.0012856452007834,112324608.0,0.0035482460724936,62046208.0,0.00050735540303,32165888.0,0.0019456123981612,28647424.0,0.004043434807934,58134528.0,0.0015294064600754,45207552.0,14327808.0,,19992576.0,0.0012976042623999,36868096.0,0.0026119521541123,74432512.0,0.0003869826942603,38678528.0,0.0038201777227438,29483008.0,0.0056905610849827,43667456.0,0.0012360593558006,17240064.0,0.0006600880998468,23142400.0,14.0,3.5387081360986627,0.008316571750925
1781415229,0,0.0010735994523342,112324608.0,0.0035482460724936,62046208.0,0.00050735540303,32165888.0,0.0019456123981612,28647424.0,0.004043434807934,58134528.0,0.0015294064600754,45207552.0,14327808.0,,19992576.0,0.0012895866779121,36868096.0,0.002627631760908,74432512.0,0.0003846803271019,38678528.0,0.0037989426720667,29483008.0,0.0056905610849827,43667456.0,0.0012287025489303,17240064.0,0.0006563520479705,23142400.0,14.0,3.5387081360986627,0.0083729285900642
1781415229,0,0.0010676426295706,112324608.0,0.0035482460724936,62046208.0,0.00050735540303,32165888.0,0.0019456123981612,28647424.0,0.004043434807934,58134528.0,0.0015294064600754,45207552.0,14327808.0,,19992576.0,0.0011431174999998,36868096.0,0.0026473123708171,74432512.0,0.0003814323448605,38678528.0,0.0037668138035701,29483008.0,0.0056905610849827,43667456.0,0.0012170406476692,17240064.0,0.0006502980077038,23142400.0,14.0,3.5387081360986627,0.008435061130109
1781415230,0,0.0010564575163238,112324608.0,0.0035482460724936,62046208.0,0.00050735540303,32165888.0,0.0019456123981612,28647424.0,0.004043434807934,58134528.0,0.0015294064600754,45207552.0,14327808.0,,19992576.0,0.0013579365701596,36868096.0,0.0026793744633338,74432512.0,0.000376753605885,38678528.0,0.0037222123030772,29483008.0,0.0056905610849827,43667456.0,0.0012019183224358,17240064.0,0.0006425668346604,23142400.0,14.0,3.5387081360986627,0.0085323729393059
1781415230,0,0.0010449295643568,112324608.0,0.0035482460724936,62046208.0,0.00050735540303,32165888.0,0.0019456123981612,28647424.0,0.004043434807934,58134528.0,0.0015294064600754,45207552.0,14327808.0,,19992576.0,0.001343472944198,36868096.0,0.0027050025103032,74432512.0,0.0003727491315774,38678528.0,0.0036766635140783,29483008.0,0.0056905610849827,43667456.0,0.0011838260270214,17240064.0,0.0006324494970976,23142400.0,14.0,3.5387081360986627,0.0086158580705774
1781415231,0,0.0010297803784075,112324608.0,0.0035482460724936,62046208.0,0.0005473152338757,32165888.0,0.0019456123981612,28647424.0,0.004043434807934,58134528.0,0.0015294064600754,45207552.0,14327808.0,,19992576.0,0.0013244261939604,36868096.0,0.0027386866311091,74432512.0,0.0003677825967071,38678528.0,0.0036364037525715,29483008.0,0.0056905610849827,43667456.0,0.0011720823834618,17240064.0,0.0006280453191558,23142400.0,14.0,3.5387081360986627,0.0071896975
1781415231,0,0.0010234592895037,112324608.0,0.0035482460724936,62046208.0,0.0005507581840226,32165888.0,0.0019456123981612,28647424.0,0.004043434807934,58134528.0,0.0011546763872492,45207552.0,14327808.0,,19992576.0,0.0013154980297866,36868096.0,0.0027549609816109,74432512.0,0.0003651102062553,38678528.0,0.0036108269629084,29483008.0,0.0056905610849827,43667456.0,0.0011633087100831,17240064.0,0.0006234366128266,23142400.0,14.0,3.576905127008999,0.0071896975
1781415232,0,0.0010161096844392,112324608.0,0.0029539000709922,62046208.0,0.0005544898977302,32165888.0,0.0019456123981612,28647424.0,0.004043434807934,58134528.0,0.0011457293594578,45207552.0,14327808.0,,19992576.0,0.001303831895266,36868096.0,0.0032440565784169,74432512.0,0.0003619033377133,38678528.0,0.003578066568741,29483008.0,0.0056905610849827,43667456.0,0.0011525187266733,17240064.0,0.0006180097929479,23142400.0,14.0,3.5532325095569632,0.0071896975
1781415232,0,0.001007560143854,112324608.0,0.0029313687084319,62046208.0,0.0005591101147015,32165888.0,0.0019456123981612,28647424.0,0.004043434807934,58134528.0,0.0011352784153139,45207552.0,14327808.0,,19992576.0,0.0012922848029345,36868096.0,0.0032440565784169,74432512.0,0.0003584168960162,38678528.0,0.00354420100465,29483008.0,0.0056905610849827,43667456.0,0.0011404208664866,17240064.0,0.0006121739162944,23142400.0,14.0,3.5532325095569632,0.0071896975
1781415232,0,0.0009981106516282,112324608.0,0.0029052299623645,62046208.0,0.000563719225382,32165888.0,0.0019456123981612,28647424.0,0.003375846873499,58134528.0,0.0011255157040771,45207552.0,14327808.0,,19992576.0,0.0012816305270204,36868096.0,0.0032440565784169,74432512.0,0.0003559747422804,38678528.0,0.0035222554875934,29483008.0,0.0056905610849827,43667456.0,0.0011327915852878,17240064.0,0.0006081378894499,23142400.0,14.0,3.5532325095569632,0.0071896975
1781415233,0,0.0009919181272444,112324608.0,0.0028870747699603,62046208.0,0.0005673731950541,32165888.0,0.0019456123981612,28647424.0,0.0033481493450647,58134528.0,0.0011146824083183,45207552.0,14327808.0,,19992576.0,0.0012672859432477,36868096.0,0.0032440565784169,74432512.0,0.0003514604581019,38678528.0,0.0034788380977331,29483008.0,0.0056905610849827,43667456.0,0.0011163341358446,17240064.0,0.000599752225567,23142400.0,14.0,3.5532325095569632,0.0071896975
1781415233,0,0.0009785902719963,112324608.0,0.0028504686979791,62046208.0,0.0006663774477862,32165888.0,0.0019456123981612,28647424.0,0.0033098714955496,58134528.0,0.0011001275568399,45207552.0,14327808.0,,19992576.0,0.0012499653047504,36868096.0,0.0032440565784169,74432512.0,0.000346970842143,38678528.0,0.0034356575299993,29483008.0,0.0041156508833714,43667456.0,0.0011023017079253,17240064.0,0.0005929891535573,23142400.0,14.0,3.5532325095569632,0.0085260721746817
1781415234,0,0.0009668266184092,112324608.0,0.0028168194977249,62046208.0,0.0006663774477862,32165888.0,0.0019456123981612,28647424.0,0.0032686958510888,58134528.0,0.0010845531010548,45207552.0,14327808.0,,19992576.0,0.0012301150197372,36868096.0,0.0027470671106034,74432512.0,0.000238596791229,38678528.0,0.0033826093736609,29483008.0,0.0040513475431111,43667456.0,0.0010832557523611,17240064.0,0.0005829672625752,23142400.0,14.0,3.5532325095569632,0.0084186091335901
1781415235,0,0.0009484204646179,112324608.0,0.002755020878629,62046208.0,0.000559632110369,32165888.0,0.0018214446519258,28643328.0,0.004061918758326,58208256.0,0.0015474081718815,45223936.0,14536704.0,,19992576.0,0.0015625471532161,36868096.0,0.0026910530670161,74432512.0,0.0003592124084928,38727680.0,0.0046712017847924,29171712.0,0.0055432309809485,43667456.0,0.0016720929835349,17240064.0,0.000772647412257,23142400.0,14.0,3.5532325095569632,0.0105254044082868
1781415236,0,0.0013073417194653,112324608.0,0.0034829817095255,62107648.0,0.0005527795289476,32165888.0,0.0017979587502986,28643328.0,0.004061918758326,58208256.0,0.0015474081718815,45223936.0,14536704.0,,19992576.0,0.0015625471532161,36868096.0,0.0026561794587981,74432512.0,0.0003592124084928,38727680.0,0.0046712017847924,29171712.0,0.0037542379379618,43667456.0,0.0017425555642004,17240064.0,0.000772647412257,23142400.0,14.0,3.5532325095569632,0.0105254044082868
1781415236,0,0.0013073417194653,112324608.0,0.0034829817095255,62107648.0,0.0005453605266955,32165888.0,0.0017979587502986,28643328.0,0.004061918758326,58208256.0,0.0015474081718815,45223936.0,14536704.0,,19992576.0,0.0015625471532161,36868096.0,0.0026240632986717,74432512.0,0.0003592124084928,38727680.0,0.0046712017847924,29171712.0,0.0038032868093777,43667456.0,0.0017425555642004,17240064.0,0.000772647412257,23142400.0,14.0,3.5532325095569632,0.0105254044082868
1781415237,0,0.0013073417194653,112324608.0,0.0034829817095255,62107648.0,0.0005385967956005,32165888.0,0.0017979587502986,28643328.0,0.004061918758326,58208256.0,0.0015474081718815,45223936.0,14536704.0,,19992576.0,0.0015625471532161,36868096.0,0.0025855130929982,74432512.0,0.0003592124084928,38727680.0,0.0046712017847924,29171712.0,0.003866552744972,43667456.0,0.0017425555642004,17240064.0,0.000772647412257,23142400.0,14.0,3.5532325095569632,0.0105254044082868
1781415237,0,0.001112823797628,112324608.0,0.0034829817095255,62107648.0,0.0005303781404111,32165888.0,0.0017979587502986,28643328.0,0.004061918758326,58208256.0,0.0015474081718815,45223936.0,14536704.0,,19992576.0,0.0015625471532161,36868096.0,0.0025446379801102,74432512.0,0.0003592124084928,38727680.0,0.0046712017847924,29171712.0,0.0039345280830755,43667456.0,0.0017425555642004,17240064.0,0.000772647412257,23142400.0,14.0,3.5532325095569632,0.0105254044082868
1781415238,0,0.0011997813878166,112324608.0,0.0034829817095255,62107648.0,0.0005221928040942,32165888.0,0.0017979587502986,28643328.0,0.004061918758326,58208256.0,0.0015474081718815,45223936.0,14536704.0,,19992576.0,0.0015625471532161,36868096.0,0.0025070609914102,74432512.0,0.0003592124084928,38727680.0,0.0050470009616702,29171712.0,0.0040005485748544,43667456.0,0.0017425555642004,17240064.0,0.0006061123886501,23142400.0,14.0,3.5532325095569632,0.0105254044082868
1781415239,0,0.0011817573938506,112324608.0,0.0034829817095255,62107648.0,0.0005135521098545,32165888.0,0.0017979587502986,28643328.0,0.004061918758326,58208256.0,0.0015474081718815,45223936.0,14536704.0,,19992576.0,0.0015625471532161,36868096.0,0.0024653748643775,74432512.0,0.0003592124084928,38727680.0,0.0050470009616702,29171712.0,0.0040694124794691,43667456.0,0.0017425555642004,17240064.0,0.0006158569806963,23142400.0,14.0,3.5532325095569632,0.0105254044082868
1781415240,0,0.0011642077155153,112324608.0,0.0034829817095255,62107648.0,0.0005055000490271,32165888.0,0.0017979587502986,28643328.0,0.004061918758326,58208256.0,0.0011713872310559,45223936.0,14536704.0,,19992576.0,0.0015625471532161,36868096.0,0.0024288251602607,74432512.0,0.0003592124084928,38727680.0,0.0050470009616702,29171712.0,0.004126991589392,43667456.0,0.0017425555642004,17240064.0,0.00062347458057,23142400.0,14.0,3.5532325095569632,0.0105254044082868
1781415240,0,0.001149100762678,112324608.0,0.0034829817095255,62107648.0,0.0004986252550241,32165888.0,0.0017979587502986,28643328.0,0.004061918758326,58208256.0,0.0011877307073142,45223936.0,14536704.0,,19992576.0,0.0015625471532161,36868096.0,0.0023926539294113,74432512.0,0.0003592124084928,38727680.0,0.0050470009616702,29171712.0,0.0041885692486152,43667456.0,0.0017425555642004,17240064.0,0.00063198254926,23142400.0,14.0,3.5532325095569632,0.0105254044082868
1781415241,0,0.0011330451785793,112324608.0,0.0023819075,62107648.0,0.0004912506779353,32165888.0,0.0017979587502986,28643328.0,0.004061918758326,58208256.0,0.0012050694593704,45223936.0,14536704.0,,19992576.0,0.0015625471532161,36868096.0,0.0023599970931886,74432512.0,0.0003592124084928,38727680.0,0.0050470009616702,29171712.0,0.0042356632737065,43667456.0,0.0017425555642004,17240064.0,0.0007419740136698,23142400.0,14.0,3.5532325095569632,0.0105254044082868
1781415242,0,0.0011209026984338,112324608.0,0.0023819075,62107648.0,0.0004852754934868,32165888.0,0.0017979587502986,28643328.0,0.0043213539477633,58208256.0,0.0012187937887925,45223936.0,14536704.0,,19992576.0,0.0015625471532161,36868096.0,0.0023226363749272,74432512.0,0.0003592124084928,38727680.0,0.0050470009616702,29171712.0,0.0043000843457653,43667456.0,0.0017425555642004,17240064.0,0.0007419740136698,23142400.0,14.0,3.5532325095569632,0.0105254044082868
1781415242,0,0.0011052028510581,112324608.0,0.0023819075,62107648.0,0.0004786117190089,32165888.0,0.0017979587502986,28643328.0,0.0043213539477633,58208256.0,0.0012324919267462,45223936.0,14536704.0,,19992576.0,0.0015625471532161,36868096.0,0.0023051184694037,74432512.0,0.0003592124084928,38727680.0,0.0050470009616702,29171712.0,0.0053313990669391,43667456.0,0.0017425555642004,17240064.0,0.0007419740136698,23142400.0,14.0,3.5532325095569632,0.0105254044082868
1781415243,0,0.0010982541270686,112324608.0,0.0023819075,62107648.0,0.0004751576625712,32165888.0,0.0017979587502986,28643328.0,0.0043213539477633,58208256.0,0.0012417113236099,45223936.0,14536704.0,,19992576.0,0.0015625471532161,36868096.0,0.0022857622651525,74432512.0,0.0003592124084928,38727680.0,0.0050470009616702,29171712.0,0.0053313990669391,43667456.0,0.0017425555642004,17240064.0,0.0007419740136698,23142400.0,14.0,3.5532325095569632,0.0105254044082868
1781415243,0,0.0010879614778828,112324608.0,0.0023819075,62107648.0,0.0004702708946208,32165888.0,0.0017979587502986,28643328.0,0.0043213539477633,58208256.0,0.0009553599999999,45223936.0,14536704.0,,19992576.0,0.0015625471532161,36868096.0,0.002262242854959,74432512.0,0.0003592124084928,38727680.0,0.0050470009616702,29171712.0,0.0053313990669391,43667456.0,0.0017425555642004,17240064.0,0.0006295711337156,23142400.0,14.0,3.5532325095569632,0.0105254044082868
1781415243,0,0.0010787360388659,112324608.0,0.0023819075,62107648.0,0.0004662282047709,32165888.0,0.0017979587502986,28643328.0,0.0043213539477633,58208256.0,0.0009553599999999,45223936.0,14536704.0,,19992576.0,0.0015625471532161,36868096.0,0.0022448330846548,74432512.0,0.0003592124084928,38727680.0,0.0050470009616702,29171712.0,0.0042953749432562,43667456.0,0.0017425555642004,17240064.0,0.0006256510376767,23142400.0,14.0,3.5532325095569632,0.0105254044082868
1781415244,0,0.0010710046940858,112324608.0,0.0023819075,62107648.0,0.0004625409162265,32165888.0,0.0017979587502986,28643328.0,0.0043213539477633,58208256.0,0.0009553599999999,45223936.0,14536704.0,,19992576.0,0.0013990451318045,36868096.0,0.0022221787562155,74432512.0,0.0003592124084928,38727680.0,0.0050470009616702,29171712.0,0.004262942265599,43667456.0,0.0017425555642004,17240064.0,0.0006211868273611,23142400.0,14.0,3.5532325095569632,0.0105254044082868
1781415244,0,0.0010620875602289,112324608.0,0.002836843425978,62107648.0,0.0004578318489288,32165888.0,0.0017979587502986,28643328.0,0.0043213539477633,58208256.0,0.0009553599999999,45223936.0,14536704.0,,19992576.0,0.0013990451318045,36868096.0,0.002204066106986,74432512.0,0.0003592124084928,38727680.0,0.0050470009616702,29171712.0,0.0042329087175219,43667456.0,0.0017425555642004,17240064.0,0.0006167473495127,23142400.0,14.0,3.5532325095569632,0.0105254044082868
1781415244,0,0.0010543562154487,112324608.0,0.0028169301045343,62107648.0,0.0004544999616899,32165888.0,0.0017979587502986,28643328.0,0.0043213539477633,58208256.0,0.0012367873275577,45223936.0,14536704.0,,19992576.0,0.0013990451318045,36868096.0,0.0021717877440308,74432512.0,0.0002949567922053,38727680.0,0.0050470009616702,29171712.0,0.0041781730204346,43667456.0,0.0017425555642004,17240064.0,0.0006089813548363,23142400.0,14.0,3.5532325095569632,0.0105254044082868
1781415245,0,0.001039628715116,112324608.0,0.0027799056356223,62107648.0,0.0004475696362329,32165888.0,0.0017979587502986,28643328.0,0.0043213539477633,58208256.0,0.0012198676389953,45223936.0,14536704.0,,19992576.0,0.0013990451318045,36868096.0,0.002150106632565,74432512.0,0.0002925800034357,38727680.0,0.0050470009616702,29171712.0,0.0041419195067794,43667456.0,0.0017425555642004,17240064.0,0.0006041337912803,23142400.0,14.0,3.5532325095569632,0.0105254044082868
1781415245,0,0.0010300475393762,112324608.0,0.0027556996221308,62107648.0,0.0004432492891131,32165888.0,0.0017979587502986,28643328.0,0.0043213539477633,58208256.0,0.0012004597609385,45223936.0,14536704.0,,19992576.0,0.0013990451318045,36868096.0,0.0021097721957734,74432512.0,0.0002881796514317,38727680.0,0.0050470009616702,29171712.0,0.0040734110287693,43667456.0,0.0017425555642004,17240064.0,0.0005946983550731,23142400.0,14.0,3.5532325095569632,0.0090082258373012
1781415246,0,0.0010116440929056,112324608.0,0.0027088973546657,62107648.0,0.0004344086816391,32165888.0,0.0017979587502986,28643328.0,0.0043213539477633,58208256.0,0.0011887783660487,45223936.0,14536704.0,,19992576.0,0.0013990451318045,36868096.0,0.0020871719349437,74432512.0,0.0002855214796089,38727680.0,0.0050470009616702,29171712.0,0.0040350249554873,43667456.0,0.0017425555642004,17240064.0,0.0005890717188028,23142400.0,14.0,3.5804962332501447,0.0089320920787479
1781415247,0,0.0010004976755845,112324608.0,0.0026822468915358,62107648.0,0.0004295663388519,32165888.0,0.0017979587502986,28643328.0,0.0043213539477633,58208256.0,0.0011778041408048,45223936.0,14536704.0,,19992576.0,0.0013990451318045,36868096.0,0.0020635984571406,74432512.0,0.0002830429139902,38727680.0,0.0050470009616702,29171712.0,0.0039997488649944,43667456.0,0.0017425555642004,17240064.0,0.0005841746903126,23142400.0,14.0,3.5804962332501447,0.0088566600138218
1781415247,0,0.0009914145312569,112324608.0,0.0026583986023816,62107648.0,0.0004248572715542,32165888.0,0.0017979587502986,28643328.0,0.0043213539477633,58208256.0,0.0011653631933324,45223936.0,14536704.0,,19992576.0,0.0013990451318045,36868096.0,0.0020335909337902,74432512.0,0.0002797082254647,38727680.0,0.0050470009616702,29171712.0,0.003946434874325,43667456.0,0.0017425555642004,17240064.0,0.0005767920488766,23142400.0,14.0,3.5804962332501447,0.0087710533913011
1781415248,0,0.0009768293256134,112324608.0,0.0026210164091324,62107648.0,0.0004179491586788,32165888.0,0.0017979587502986,28643328.0,0.0035665934695035,58208256.0,0.0011483911218334,45223936.0,14536704.0,,19992576.0,0.0013990451318045,36868096.0,0.0018731037990451,74432512.0,0.0002757568889713,38727680.0,0.0050470009616702,29171712.0,0.003887256344682,43667456.0,0.0017425555642004,17240064.0,0.0005679007269461,23142400.0,14.0,3.5804962332501447,0.0086558002130304
1781415248,0,0.000958923910555,112324608.0,0.0025760027633538,62107648.0,0.000409208507822,32165888.0,0.0017979587502986,28643328.0,0.003507823055814,58208256.0,0.0011274379471432,45223936.0,14536704.0,,19992576.0,0.0013990451318045,36868096.0,0.001831776527576,74432512.0,0.0002707937708606,38727680.0,0.0050470009616702,29171712.0,0.0038124390444426,43667456.0,0.0017425555642004,17240064.0,0.0005574512595869,23142400.0,14.0,3.5804962332501447,0.0087597138941844
1781415249,0,0.0009395955486046,112324608.0,0.0025274118742021,62107648.0,0.0003686011054446,32165888.0,0.0017979587502986,28643328.0,0.0034503490483087,58208256.0,0.0011065633468581,45223936.0,14536704.0,,19992576.0,0.0013990451318045,36868096.0,0.0017893281710608,74432512.0,0.0003107230955258,38617088.0,0.004931846917561,29171712.0,0.005337872317711,43667456.0,0.0017358048900055,17240064.0,0.0007587757554612,23146496.0,14.0,3.5804962332501447,0.008615698357035
1781415250,0,0.001877206245233,112463872.0,0.003585431691737,62095360.0,0.0005070383971137,32165888.0,0.0017594054968114,28643328.0,0.0043407977972966,58236928.0,0.0014768255788031,45223936.0,14458880.0,,19992576.0,0.0017075620879887,36868096.0,0.003182739751154,74428416.0,0.0003107230955258,38617088.0,0.004931846917561,29171712.0,0.005337872317711,43667456.0,0.0017358048900055,17240064.0,0.0007587757554612,23146496.0,14.0,3.5804962332501447,0.0102786289250404
1781415251,0,0.001877206245233,112463872.0,0.003585431691737,62095360.0,0.0005070383971137,32165888.0,0.0017594054968114,28643328.0,0.0043407977972966,58236928.0,0.0014768255788031,45223936.0,14458880.0,,19992576.0,0.0017075620879887,36868096.0,0.003182739751154,74428416.0,0.0003107230955258,38617088.0,0.004931846917561,29171712.0,0.005337872317711,43667456.0,0.0017358048900055,17240064.0,0.0007587757554612,23146496.0,14.0,3.5804962332501447,0.0102786289250404
1781415251,0,0.00138631,112463872.0,0.003585431691737,62095360.0,0.0005070383971137,32165888.0,0.0017594054968114,28643328.0,0.0043407977972966,58236928.0,0.0014768255788031,45223936.0,14458880.0,,19992576.0,0.0017075620879887,36868096.0,0.003182739751154,74428416.0,0.0003107230955258,38617088.0,0.004931846917561,29171712.0,0.005337872317711,43667456.0,0.0017358048900055,17240064.0,0.0007587757554612,23146496.0,14.0,3.5804962332501447,0.0102786289250404
1781415252,0,0.00138631,112463872.0,0.003585431691737,62095360.0,0.0005070383971137,32165888.0,0.0017594054968114,28643328.0,0.0043407977972966,58236928.0,0.0014768255788031,45223936.0,14458880.0,,19992576.0,0.0017075620879887,36868096.0,0.003182739751154,74428416.0,0.0003107230955258,38617088.0,0.004931846917561,29171712.0,0.005337872317711,43667456.0,0.0017358048900055,17240064.0,0.0007587757554612,23146496.0,14.0,3.5804962332501447,0.0102786289250404
1781415252,0,0.00138631,112463872.0,0.003585431691737,62095360.0,0.0005070383971137,32165888.0,0.0017594054968114,28643328.0,0.0043407977972966,58236928.0,0.0014768255788031,45223936.0,14458880.0,,19992576.0,0.0017075620879887,36868096.0,0.003182739751154,74428416.0,0.0003107230955258,38617088.0,0.004931846917561,29171712.0,0.005337872317711,43667456.0,0.0017358048900055,17240064.0,0.0007587757554612,23146496.0,14.0,3.5804962332501447,0.0102786289250404
1781415253,0,0.00138631,112463872.0,0.003585431691737,62095360.0,0.0004261066182944,32165888.0,0.0017594054968114,28643328.0,0.0043407977972966,58236928.0,0.0014768255788031,45223936.0,14458880.0,,19992576.0,0.0017075620879887,36868096.0,0.003182739751154,74428416.0,0.0003107230955258,38617088.0,0.004931846917561,29171712.0,0.005337872317711,43667456.0,0.0017358048900055,17240064.0,0.0007587757554612,23146496.0,14.0,3.5804962332501447,0.0102786289250404
1781415253,0,0.00138631,112463872.0,0.003585431691737,62095360.0,0.000422844671273,32165888.0,0.0017594054968114,28643328.0,0.0043407977972966,58236928.0,0.0012445024549376,45223936.0,14458880.0,,19992576.0,0.0017075620879887,36868096.0,0.003182739751154,74428416.0,0.0003107230955258,38617088.0,0.004931846917561,29171712.0,0.005337872317711,43667456.0,0.0017358048900055,17240064.0,0.0007587757554612,23146496.0,14.0,3.5804962332501447,0.0102786289250404
1781415254,0,0.00138631,112463872.0,0.003585431691737,62095360.0,0.0004163545797899,32165888.0,0.0017594054968114,28643328.0,0.0043407977972966,58236928.0,0.0012260421352026,45223936.0,14458880.0,,19992576.0,0.0017075620879887,36868096.0,0.0026544977823718,74428416.0,0.0003107230955258,38617088.0,0.004931846917561,29171712.0,0.005337872317711,43667456.0,0.0017358048900055,17240064.0,0.0007587757554612,23146496.0,14.0,3.5804962332501447,0.0102786289250404
1781415254,0,0.00138631,112463872.0,0.003585431691737,62095360.0,0.0004117827835759,32165888.0,0.0017594054968114,28643328.0,0.0043407977972966,58236928.0,0.0012140552342546,45223936.0,14458880.0,,19992576.0,0.0017075620879887,36868096.0,0.0026327490607389,74428416.0,0.0003107230955258,38617088.0,0.004931846917561,29171712.0,0.005337872317711,43667456.0,0.0017358048900055,17240064.0,0.0007587757554612,23146496.0,14.0,3.5804962332501447,0.0102786289250404
1781415255,0,0.00138631,112463872.0,0.003585431691737,62095360.0,0.0004088335102327,32165888.0,0.0017594054968114,28643328.0,0.0043407977972966,58236928.0,0.0012056127146958,45223936.0,14458880.0,,19992576.0,0.0017075620879887,36868096.0,0.0026143422158447,74428416.0,0.0003107230955258,38617088.0,0.004931846917561,29171712.0,0.005337872317711,43667456.0,0.0017358048900055,17240064.0,0.0007587757554612,23146496.0,14.0,3.5804962332501447,0.0102786289250404
1781415255,0,0.00138631,112463872.0,0.003585431691737,62095360.0,0.0004056476189709,32165888.0,0.0017594054968114,28643328.0,0.0043407977972966,58236928.0,0.0011959641209143,45223936.0,14458880.0,,19992576.0,0.0017075620879887,36868096.0,0.0025940257270999,74428416.0,0.0003107230955258,38617088.0,0.004931846917561,29171712.0,0.005337872317711,43667456.0,0.0017358048900055,17240064.0,0.0007587757554612,23146496.0,14.0,3.5804962332501447,0.0102786289250404
1781415255,0,0.00138631,112463872.0,0.003585431691737,62095360.0,0.0004024110238693,32165888.0,0.001062972219996,28643328.0,0.0043407977972966,58236928.0,0.0011874231463169,45223936.0,14458880.0,,19992576.0,0.0017075620879887,36868096.0,0.0025767328411186,74428416.0,0.0003107230955258,38617088.0,0.004931846917561,29171712.0,0.005337872317711,43667456.0,0.0017358048900055,17240064.0,0.0007587757554612,23146496.0,14.0,3.5804962332501447,0.0102786289250404
1781415256,0,0.00138631,112463872.0,0.003585431691737,62095360.0,0.0003994955530859,32165888.0,0.0010720811215127,28643328.0,0.0026753949999999,58236928.0,0.0011774299599003,45223936.0,14458880.0,,19992576.0,0.0017075620879887,36868096.0,0.0025493612792587,74428416.0,0.0003107230955258,38617088.0,0.004931846917561,29171712.0,0.005337872317711,43667456.0,0.0017125899751341,17240064.0,0.0007587757554612,23146496.0,14.0,3.5804962332501447,0.0102786289250404
1781415256,0,0.00138631,112463872.0,0.003585431691737,62095360.0,0.000393850525598,32165888.0,0.0010891886983224,28643328.0,0.0026753949999999,58236928.0,0.0011607664446195,45223936.0,14458880.0,,19992576.0,0.0017075620879887,36868096.0,0.0025159425118716,74428416.0,0.0003107230955258,38617088.0,0.004570198127971,29171712.0,0.005337872317711,43667456.0,0.0017125899751341,17240064.0,0.0007587757554612,23146496.0,14.0,3.5804962332501447,0.0087655861955275
1781415257,0,0.00138631,112463872.0,0.003585431691737,62095360.0,0.0003895406992226,32165888.0,0.0011016787433384,28643328.0,0.0026753949999999,58236928.0,0.0011484103372768,45223936.0,14458880.0,,19992576.0,0.0017075620879887,36868096.0,0.0024862899865233,74428416.0,0.0003107230955258,38617088.0,0.004570198127971,29171712.0,0.005337872317711,43667456.0,0.0017125899751341,17240064.0,0.0007418483087619,23146496.0,14.0,3.5804962332501447,0.0086763334343617
1781415258,0,0.0016425103978751,112463872.0,0.003585431691737,62095360.0,0.0003834393371773,32165888.0,0.0011204768918977,28643328.0,0.0026753949999999,58236928.0,0.001130491520254,45223936.0,14458880.0,,19992576.0,0.0017075620879887,36868096.0,0.0024489458401098,74428416.0,0.0003107230955258,38617088.0,0.004570198127971,29171712.0,0.005337872317711,43667456.0,0.0017125899751341,17240064.0,0.0007418483087619,23146496.0,14.0,3.5804962332501447,0.0085569300283491
1781415258,0,0.0016217801845949,112463872.0,0.003060195827495,62095360.0,0.0003786731762444,32165888.0,0.0009374724999999,28643328.0,0.0026753949999999,58236928.0,0.0011165847460536,45223936.0,14458880.0,,19992576.0,0.0017568396226416,36868096.0,0.0024169062599481,74428416.0,0.0003107230955258,38617088.0,0.004570198127971,29171712.0,0.005337872317711,43667456.0,0.0017125899751341,17240064.0,0.0007418483087619,23146496.0,14.0,3.5804962332501447,0.0084609961583821
1781415259,0,0.0015982515766268,112463872.0,0.0029223911572331,62095360.0,0.0003726732218786,32165888.0,0.0009374724999999,28643328.0,0.0026753949999999,58236928.0,0.0010989859079062,45223936.0,14458880.0,,19992576.0,0.0017568396226416,36868096.0,0.0023798273418472,74428416.0,0.0003107230955258,38617088.0,0.004570198127971,29171712.0,0.005337872317711,43667456.0,0.0017125899751341,17240064.0,0.0007418483087619,23146496.0,14.0,3.5804962332501447,0.0083326846073012
1781415259,0,0.0015704149136786,112463872.0,0.0028790389452344,62095360.0,0.0003664873534338,32165888.0,0.0009374724999999,28643328.0,0.0026753949999999,58236928.0,0.0010815593660764,45223936.0,14458880.0,,19992576.0,0.0017568396226416,36868096.0,0.0023450293872346,74428416.0,0.0003107230955258,38617088.0,0.004570198127971,29171712.0,0.005337872317711,43667456.0,0.0017125899751341,17240064.0,0.0007418483087619,23146496.0,14.0,3.5804962332501447,0.0063382099999999
1781415260,0,0.0015467758427622,112463872.0,0.0028417722710163,62095360.0,0.0003612141541038,32165888.0,0.0009374724999999,28643328.0,0.0026753949999999,58236928.0,0.00106597885622,45223936.0,14458880.0,,19992576.0,0.0017568396226416,36868096.0,0.0022997283914432,74428416.0,0.0003107230955258,38617088.0,0.004570198127971,29171712.0,0.005337872317711,43667456.0,0.0017125899751341,17240064.0,0.0007418483087619,23146496.0,14.0,3.5804962332501447,0.0063382099999999
1781415261,0,0.0015135633163346,112463872.0,0.0027905378386542,62095360.0,0.0003535747755873,32165888.0,0.0009374724999999,28643328.0,0.0031553338849375,58236928.0,0.0010429403771906,45223936.0,14458880.0,,19992576.0,0.0017568396226416,36868096.0,0.0022597850075662,74428416.0,0.0003107230955258,38617088.0,0.004570198127971,29171712.0,0.0043229648610368,43667456.0,0.0017125899751341,17240064.0,0.0007418483087619,23146496.0,14.0,3.5087841141428413,0.0063382099999999
1781415262,0,0.0014858371163346,112463872.0,0.0027466060516287,62095360.0,0.0003472367956234,32165888.0,0.0009374724999999,28643328.0,0.003102124801512,58236928.0,0.0010233232107522,45223936.0,14458880.0,,19992576.0,0.0017568396226416,36868096.0,0.002216658883938,74428416.0,0.0003107230955258,38617088.0,0.0037594259375768,29171712.0,0.0042512594429022,43667456.0,0.0017125899751341,17240064.0,0.0007418483087619,23146496.0,14.0,3.5087841141428413,0.0074795858911591
1781415263,0,0.0014582582002656,112463872.0,0.0027041811596728,62095360.0,0.000341152334858,32165888.0,0.0009374724999999,28643328.0,0.0030527214008745,58236928.0,0.0010070535156257,45223936.0,14458880.0,,19992576.0,0.0017568396226416,36868096.0,0.0021854149887142,74428416.0,0.0003107230955258,38617088.0,0.0037180656445186,29171712.0,0.0042037523792746,43667456.0,0.0017125899751341,17240064.0,0.0007418483087619,23146496.0,14.0,3.5087841141428413,0.0073701718665356
1781415263,0,0.0014399581718459,112463872.0,0.0026762456433849,62095360.0,0.0003370622251213,32165888.0,0.0009374724999999,28643328.0,0.0030203730971761,58236928.0,0.0009961742338619,45223936.0,14458880.0,,19992576.0,0.0017568396226416,36868096.0,0.002281652238408,74428416.0,0.0003107230955258,38617088.0,0.0036838653285276,29171712.0,0.0041543920337392,43667456.0,0.0017125899751341,17240064.0,0.0007418483087619,23146496.0,14.0,3.5087841141428413,0.007299276891552
1781415263,0,0.0014247879269588,112463872.0,0.0026524251097867,62095360.0,0.0003335805614611,32165888.0,0.0009374724999999,28643328.0,0.002992323805516,58236928.0,0.0009866979363979,45223936.0,14458880.0,,19992576.0,0.0017568396226416,36868096.0,0.0022596091389192,74428416.0,0.0003107230955258,38617088.0,0.003654082870727,29171712.0,0.0041189396064649,43667456.0,0.0017125899751341,17240064.0,0.0007418483087619,23146496.0,14.0,3.5087841141428413,0.0072371815270464
1781415264,0,0.0014102804597609,112463872.0,0.0026284886611831,62095360.0,0.0003301411510007,32165888.0,0.0009374724999999,28643328.0,0.0029621602456403,58236928.0,0.0009758678821533,45223936.0,14458880.0,,19992576.0,0.0017568396226416,36868096.0,0.0022340653983204,74428416.0,0.0003107230955258,38617088.0,0.0036172166058281,29171712.0,0.004076628292507,43667456.0,0.0017125899751341,17240064.0,0.0007418483087619,23146496.0,14.0,3.5087841141428413,0.007163298005108
1781415264,0,0.001390765338911,112463872.0,0.0025977132272642,62095360.0,0.0002725348522368,32165888.0,0.0009374724999999,28643328.0,0.0029258653079394,58236928.0,0.0005904333333333,45223936.0,14458880.0,,19992576.0,0.0017568396226416,36868096.0,0.0022113659286234,74428416.0,0.0003107230955258,38617088.0,0.0035856822387451,29171712.0,0.0040410867887824,43667456.0,0.0017125899751341,17240064.0,0.0007418483087619,23146496.0,14.0,3.5087841141428413,0.0070817770853962
1781415265,0,0.0013783934887118,112463872.0,0.0025763848662809,62095360.0,0.0003651634230171,32165888.0,0.0013022044549726,28643328.0,0.0049279801290795,55160832.0,0.0012306664261146,45223936.0,14602240.0,,19992576.0,0.0016331789575902,36868096.0,0.0029964878182315,74432512.0,0.0003042907873189,38617088.0,0.0044598522671469,29188096.0,0.0044670065433345,43794432.0,0.0016651636198716,17506304.0,0.0007418483087619,23146496.0,14.0,3.5087841141428413,0.0101696615988229
1781415265,0,0.001895223969888,112467968.0,0.0032063721269126,62046208.0,0.0003651634230171,32165888.0,0.0013106915410943,28643328.0,0.0049279801290795,55160832.0,0.0014697376220636,45223936.0,14602240.0,,19992576.0,0.0016331789575902,36868096.0,0.0029964878182315,74432512.0,0.0003042907873189,38617088.0,0.0044598522671469,29188096.0,0.0044947910719316,43794432.0,0.0016651636198716,17506304.0,0.0007418483087619,23146496.0,14.0,3.5087841141428413,0.0101696615988229
1781415265,0,0.001895223969888,112467968.0,0.0032063721269126,62046208.0,0.0003651634230171,32165888.0,0.0013208048952153,28643328.0,0.0049279801290795,55160832.0,0.0014697376220636,45223936.0,14602240.0,,19992576.0,0.0016331789575902,36868096.0,0.0029964878182315,74432512.0,0.0003042907873189,38617088.0,0.0044598522671469,29188096.0,0.0053261077182955,43794432.0,0.0016651636198716,17506304.0,0.0007418483087619,23146496.0,14.0,3.5087841141428413,0.0101696615988229
1781415266,0,0.0016318878637831,112467968.0,0.0032063721269126,62046208.0,0.0003651634230171,32165888.0,0.0013332305991478,28643328.0,0.0049279801290795,55160832.0,0.0014697376220636,45223936.0,14602240.0,,19992576.0,0.0016331789575902,36868096.0,0.0029964878182315,74432512.0,0.0003042907873189,38617088.0,0.0044598522671469,29188096.0,0.0053261077182955,43794432.0,0.0010699178567233,17506304.0,0.0007418483087619,23146496.0,14.0,3.5087841141428413,0.0101696615988229
1781415267,0,0.0016085450218873,112467968.0,0.0032063721269126,62046208.0,0.0003651634230171,32165888.0,0.0015246262493948,28643328.0,0.0049279801290795,55160832.0,0.0014697376220636,45223936.0,14602240.0,,19992576.0,0.0016331789575902,36868096.0,0.0029964878182315,74432512.0,0.0003042907873189,38617088.0,0.0044598522671469,29188096.0,0.0053261077182955,43794432.0,0.0010897340251007,17506304.0,0.0007418483087619,23146496.0,14.0,3.5087841141428413,0.0101696615988229
1781415267,0,0.0015838123490803,112467968.0,0.0032063721269126,62046208.0,0.0003651634230171,32165888.0,0.001342886565394,28643328.0,0.0049279801290795,55160832.0,0.0014697376220636,45223936.0,14602240.0,,19992576.0,0.0016331789575902,36868096.0,0.0029964878182315,74432512.0,0.0002682564032323,38617088.0,0.0044598522671469,29188096.0,0.0053261077182955,43794432.0,0.0011110080587264,17506304.0,0.0007418483087619,23146496.0,14.0,3.5087841141428413,0.0101696615988229
1781415268,0,0.0015606590295815,112467968.0,0.0032063721269126,62046208.0,0.0003651634230171,32165888.0,0.0013244131773388,28643328.0,0.0049279801290795,55160832.0,0.0014697376220636,45223936.0,14602240.0,,19992576.0,0.0016331789575902,36868096.0,0.0029964878182315,74432512.0,0.0002682564032323,38617088.0,0.0044598522671469,29188096.0,0.0053261077182955,43794432.0,0.0011277465115792,17506304.0,0.0007418483087619,23146496.0,14.0,3.5087841141428413,0.0101696615988229
1781415269,0,0.0015417699640149,112467968.0,0.0032063721269126,62046208.0,0.0003651634230171,32165888.0,0.0013088365791575,28643328.0,0.0049279801290795,55160832.0,0.0014697376220636,45223936.0,14602240.0,,19992576.0,0.0016331789575902,36868096.0,0.0029964878182315,74432512.0,0.0002682564032323,38617088.0,0.0044598522671469,29188096.0,0.0053261077182955,43794432.0,0.0011452408945608,17506304.0,0.0007418483087619,23146496.0,14.0,3.5087841141428413,0.0101696615988229
1781415269,0,0.0015219648735296,112467968.0,0.0032063721269126,62046208.0,0.0003651634230171,32165888.0,0.0012941493462883,28643328.0,0.0049279801290795,55160832.0,0.0014697376220636,45223936.0,14602240.0,,19992576.0,0.0013300796875408,36868096.0,0.0029964878182315,74432512.0,0.0002682564032323,38617088.0,0.0031730107319666,29188096.0,0.0053261077182955,43794432.0,0.0011619793474136,17506304.0,0.0007813087080818,23146496.0,14.0,3.5087841141428413,0.0101696615988229
1781415270,0,0.0014997275789496,112467968.0,0.0032063721269126,62046208.0,0.0003651634230171,32165888.0,0.0012752439807958,28643328.0,0.0049279801290795,55160832.0,0.0014697376220636,45223936.0,14602240.0,,19992576.0,0.0013522348720512,36868096.0,0.0029964878182315,74432512.0,0.0002682564032323,38617088.0,0.0032143975133347,29188096.0,0.0044812982657119,43794432.0,0.0011756670822464,17506304.0,0.0007813087080818,23146496.0,14.0,3.5087841141428413,0.0101696615988229
1781415271,0,0.0014866189464912,112467968.0,0.0032063721269126,62046208.0,0.0003651634230171,32165888.0,0.0012665536111743,28643328.0,0.0049279801290795,55160832.0,0.0014697376220636,45223936.0,14602240.0,,19992576.0,0.0013638988318507,36868096.0,0.0029964878182315,74432512.0,0.0002682564032323,38617088.0,0.0032409981241265,29188096.0,0.0044471224078528,43794432.0,0.0011860881190225,17506304.0,0.0007813087080818,23146496.0,14.0,3.5087841141428413,0.0101696615988229
1781415271,0,0.0016425816806575,112467968.0,0.0032063721269126,62046208.0,0.0003651634230171,32165888.0,0.0012557033543661,28643328.0,0.0049279801290795,55160832.0,0.0014697376220636,45223936.0,14602240.0,,19992576.0,0.0013793662568021,36868096.0,0.0029964878182315,74432512.0,0.0002682564032323,38617088.0,0.0032795581375903,29188096.0,0.0044016729553234,43794432.0,0.0012001538189197,17506304.0,0.0007813087080818,23146496.0,14.0,3.5087841141428413,0.0087773784278241
1781415271,0,0.0016263448597524,112467968.0,0.0032063721269126,62046208.0,0.0003651634230171,32165888.0,0.0012438366800583,28643328.0,0.0049279801290795,55160832.0,0.0014697376220636,45223936.0,14602240.0,,19992576.0,0.0013903012191141,36868096.0,0.0029964878182315,74432512.0,0.0002682564032323,38617088.0,0.0033051440111857,29188096.0,0.0043692724667037,43794432.0,0.001209683938044,17506304.0,0.0007813087080818,23146496.0,14.0,3.5087841141428413,0.0087139875371914
1781415272,0,0.0016142366321971,112467968.0,0.0032063721269126,62046208.0,0.0003651634230171,32165888.0,0.0012330118336876,28643328.0,0.0049279801290795,55160832.0,0.0014697376220636,45223936.0,14602240.0,,19992576.0,0.0014038669114896,36868096.0,0.0029964878182315,74432512.0,0.0002682564032323,38617088.0,0.0033365283830463,29188096.0,0.0043319009442137,43794432.0,0.0012213198625271,17506304.0,0.0007813087080818,23146496.0,14.0,3.5087841141428413,0.0086422914229197
1781415272,0,0.0015986936925272,112467968.0,0.0032063721269126,62046208.0,0.0003651634230171,32165888.0,0.0012229238900041,28643328.0,0.0049279801290795,55160832.0,0.0012340223270183,45223936.0,14602240.0,,19992576.0,0.0014170839528928,36868096.0,0.0029964878182315,74432512.0,0.0002682564032323,38617088.0,0.0027993700000003,29188096.0,0.0042992341502082,43794432.0,0.001231551916771,17506304.0,0.0007813087080818,23146496.0,14.0,3.5087841141428413,0.0085727987353277
1781415273,0,0.0015858915837367,112467968.0,0.0032063721269126,62046208.0,0.0003651634230171,32165888.0,0.0012134712072579,28643328.0,0.0049279801290795,55160832.0,0.0012244445368479,45223936.0,14602240.0,,19992576.0,0.0014290014770358,36868096.0,0.0029964878182315,74432512.0,0.0002682564032323,38617088.0,0.0027993700000003,29188096.0,0.0042598209530928,43794432.0,0.0012438357813645,17506304.0,0.0007813087080818,23146496.0,14.0,3.5087841141428413,0.0085077129010953
1781415273,0,0.0015689261875345,112467968.0,0.0032063721269126,62046208.0,0.0003651634230171,32165888.0,0.0012014520703251,28643328.0,0.0049279801290795,55160832.0,0.0012133480178013,45223936.0,14602240.0,,19992576.0,0.001444120251015,36868096.0,0.0029964878182315,74432512.0,0.0002682564032323,38617088.0,0.0027993700000003,29188096.0,0.0042188099236619,43794432.0,0.0012554987033523,17506304.0,0.000605143127127,23146496.0,14.0,3.5087841141428413,0.0084249996534248
1781415273,0,0.0015540077409764,112467968.0,0.0031736935972891,62046208.0,0.0003651634230171,32165888.0,0.0011900936047671,28643328.0,0.0049279801290795,55160832.0,0.0012019085599763,45223936.0,14602240.0,,19992576.0,0.0014580979854486,36868096.0,0.0029964878182315,74432512.0,0.0002682564032323,38617088.0,0.0027993700000003,29188096.0,0.0041790416526986,43794432.0,0.0012675395904044,17506304.0,0.0005997260534177,23146496.0,14.0,3.5087841141428413,0.0083494051688736
1781415274,0,0.0015399566459623,112467968.0,0.0031736935972891,62046208.0,0.0003651634230171,32165888.0,0.0011806663324584,28643328.0,0.0049279801290795,55160832.0,0.0011927961867195,45223936.0,14602240.0,,19992576.0,0.001469793640791,36868096.0,0.0029964878182315,74432512.0,0.0002682564032323,38617088.0,0.0027993700000003,29188096.0,0.0041477951540846,43794432.0,0.0012774746720977,17506304.0,0.0005948428739922,23146496.0,14.0,3.5087841141428413,0.0082878787162007
1781415274,0,0.0015272933134188,112467968.0,0.0031736935972891,62046208.0,0.0003651634230171,32165888.0,0.0011703496948375,28643328.0,0.005279378719698,55160832.0,0.0011829734402787,45223936.0,14602240.0,,19992576.0,0.0014826937267649,36868096.0,0.0024359698010994,74432512.0,0.0002682564032323,38617088.0,0.0027993700000003,29188096.0,0.0041150395916171,43794432.0,0.0012870317887265,17506304.0,0.0005901159563083,23146496.0,14.0,3.5087841141428413,0.0082188945116887
1781415275,0,0.0015138320174547,112467968.0,0.0031736935972891,62046208.0,0.0003651634230171,32165888.0,0.0011568567525303,28643328.0,0.005279378719698,55160832.0,0.0011706766355074,45223936.0,14602240.0,,19992576.0,0.0014977491096582,36868096.0,0.0024123974302627,74432512.0,0.0002682564032323,38617088.0,0.0027993700000003,29188096.0,0.0040718981190989,43794432.0,0.0013008005160732,17506304.0,0.0005836701594666,23146496.0,14.0,3.5087841141428413,0.0081371982301781
1781415275,0,0.0014974564203026,112467968.0,0.0031736935972891,62046208.0,0.0003651634230171,32165888.0,0.0011492590317209,28643328.0,0.005279378719698,55160832.0,0.0011631074867538,45223936.0,14602240.0,,19992576.0,0.0015078916833969,36868096.0,0.0023958668057988,74432512.0,0.0002682564032323,38617088.0,0.0027993700000003,29188096.0,0.0040423382212624,43794432.0,0.001309142744995,17506304.0,0.0005796073541846,23146496.0,14.0,3.5087841141428413,0.0080846549785842
1781415275,0,0.0014855563571178,112467968.0,0.0031736935972891,62046208.0,0.0003651634230171,32165888.0,0.0011363251190385,28643328.0,0.005279378719698,55160832.0,0.0011505412300851,45223936.0,14602240.0,,19992576.0,0.0015245318434369,36868096.0,0.0023701469520256,74432512.0,0.0002682564032323,38617088.0,0.0027993700000003,29188096.0,0.0039954684733414,43794432.0,0.0013234514224336,17506304.0,0.0005727448593653,23146496.0,14.0,3.5087841141428413,0.0064312625
1781415276,0,0.0014679317737422,112467968.0,0.0031736935972891,62046208.0,0.0003651634230171,32165888.0,0.001127431465917,28643328.0,0.005279378719698,55160832.0,0.001141894273742,45223936.0,14602240.0,,19992576.0,0.0015349913726049,36868096.0,0.0023531169129253,74432512.0,0.0002682564032323,38617088.0,0.0027993700000003,29188096.0,0.0039679502501302,43794432.0,0.0013331165290809,17506304.0,0.0005680830507404,23146496.0,14.0,3.5087841141428413,0.0077042459552005
1781415276,0,0.0014558929343104,112467968.0,0.0031736935972891,62046208.0,0.0003651634230171,32165888.0,0.0011180804249207,28643328.0,0.005279378719698,55160832.0,0.0011324389617067,45223936.0,14602240.0,,19992576.0,0.0015491592802961,36868096.0,0.0023308430201431,74432512.0,0.0002682564032323,38617088.0,0.0027993700000003,29188096.0,0.0039240986299162,43794432.0,0.0013450764236192,17506304.0,0.0005621190609353,23146496.0,14.0,3.5082114760654832,0.007634007815438
1781415277,0,0.0014391357024788,112467968.0,0.0031736935972891,62046208.0,0.0003651634230171,32165888.0,0.0011068236011127,28643328.0,0.005279378719698,55160832.0,0.0011220038245901,45223936.0,14602240.0,,19992576.0,0.0015612035866108,36868096.0,0.0023123147371338,74432512.0,0.0002682564032323,38617088.0,0.0027993700000003,29188096.0,0.0038956039536233,43794432.0,0.0013537426225962,17506304.0,0.0005580562556533,23146496.0,14.0,3.5082114760654832,0.0075697332913157
1781415277,0,0.0014291091186293,112467968.0,0.0031736935972891,62046208.0,0.0003651634230171,32165888.0,0.001098488977616,28643328.0,0.005279378719698,55160832.0,0.0011143611889553,45223936.0,14602240.0,,19992576.0,0.0015705537717761,36868096.0,0.002297282356579,74432512.0,0.0002682564032323,38617088.0,0.0027993700000003,29188096.0,0.003868618341184,43794432.0,0.0013624628165824,17506304.0,0.0005539413631241,23146496.0,14.0,3.5082114760654832,0.0075182142784238
1781415277,0,0.0014180417129269,112467968.0,0.0026263107940966,62046208.0,0.0003651634230171,32165888.0,0.0010915011073063,28643328.0,0.005279378719698,55160832.0,0.0011068165358287,45223936.0,14602240.0,,19992576.0,0.0015811400831158,36868096.0,0.0020631491157635,74432512.0,0.0002682564032323,38617088.0,0.0027993700000003,29188096.0,0.0038338211040911,43794432.0,0.0013725328857987,17506304.0,0.0005488628565216,23146496.0,14.0,3.5082114760654832,0.007466529609542
1781415278,0,0.0014038518416658,112467968.0,0.0026034602001961,62046208.0,0.0003651634230171,32165888.0,0.0010801172313108,28643328.0,0.005279378719698,55160832.0,0.0010961609380688,45223936.0,14602240.0,,19992576.0,0.0015954981640647,36868096.0,0.0020433567660098,74432512.0,0.0002682564032323,38617088.0,0.0027993700000003,29188096.0,0.0037988463300743,43794432.0,0.0016198502760745,17506304.0,0.0005436020445538,23146496.0,14.0,3.5082114760654832,0.0073911561340893
1781415278,0,0.0013906680981958,112467968.0,0.0025846296181856,62046208.0,0.0003347725601429,32165888.0,0.0010709948842519,28643328.0,0.005279378719698,55160832.0,0.0010872935210823,45223936.0,14602240.0,,19992576.0,0.0013308799999999,36868096.0,0.0020272698333333,74432512.0,0.0002682564032323,38617088.0,0.0033508071850244,29188096.0,0.0037672447576124,43794432.0,0.0016198502760745,17506304.0,0.0005391876503531,23146496.0,14.0,3.5082114760654832,0.0073320169456572
1781415279,0,0.0013777966012817,112467968.0,0.0025650585076689,62046208.0,0.0003347725601429,32165888.0,0.0010621520520054,28643328.0,0.005279378719698,55160832.0,0.0010786220691122,45223936.0,14602240.0,,19992576.0,0.0013308799999999,36868096.0,0.0020121770369458,74432512.0,0.0002682564032323,38617088.0,0.0033263085298538,29188096.0,0.0037364421013083,43794432.0,0.0016198502760745,17506304.0,0.0005344477108574,23146496.0,14.0,3.5082114760654832,0.0072740373491551
1781415279,0,0.0013652026568617,112467968.0,0.0025456460818322,62046208.0,0.0003347725601429,32165888.0,0.0010524198544468,28643328.0,0.005279378719698,55160832.0,0.0010691422614498,45223936.0,14602240.0,,19992576.0,0.0013308799999999,36868096.0,0.001994011455665,74432512.0,0.0002682564032323,38617088.0,0.0032960838576462,29188096.0,0.0036994256526661,43794432.0,0.0016198502760745,17506304.0,0.0005290697025835,23146496.0,14.0,3.5082114760654832,0.0072115850409229
1781415279,0,0.0013505270687359,112467968.0,0.0025234831215445,62046208.0,0.0003347725601429,32165888.0,0.0010422048585758,28643328.0,0.005279378719698,55160832.0,0.0010597849319227,45223936.0,14602240.0,,19992576.0,0.0015898563574225,36868096.0,0.0019755295582922,74432512.0,0.0002682564032323,38617088.0,0.0032657867042104,29188096.0,0.0036601899924747,43794432.0,0.0016198502760745,17506304.0,0.0005208138739014,23146496.0,14.0,3.5082114760654832,0.0071461509248705
1781415280,0,0.0017799573794982,112463872.0,0.0029766600637326,62029824.0,0.0002952067531196,32165888.0,0.0017405199353447,28647424.0,0.0050946532637189,55169024.0,0.0014668635920891,45223936.0,14704640.0,,19992576.0,0.0015759087682555,36868096.0,0.0026415951624891,74559488.0,0.000239806998624,38633472.0,0.0041550950115984,29384704.0,0.0049450329997875,43667456.0,0.0013734238034505,17506304.0,0.0007389677547671,23146496.0,14.0,3.5082114760654832,0.0093081873686317
1781415280,0,0.0017799573794982,112463872.0,0.0029766600637326,62029824.0,0.0002952067531196,32165888.0,0.0017405199353447,28647424.0,0.0050946532637189,55169024.0,0.0014668635920891,45223936.0,14704640.0,,19992576.0,0.0015870242550387,36868096.0,0.0026415951624891,74559488.0,0.000239806998624,38633472.0,0.0041550950115984,29384704.0,0.0049450329997875,43667456.0,0.0013630027666744,17506304.0,0.0007389677547671,23146496.0,14.0,3.5082114760654832,0.0093081873686317
1781415281,0,0.0017799573794982,112463872.0,0.0029766600637326,62029824.0,0.0002952067531196,32165888.0,0.0017405199353447,28647424.0,0.0050946532637189,55169024.0,0.0014668635920891,45223936.0,14704640.0,,19992576.0,0.0018222109480695,36868096.0,0.0026415951624891,74559488.0,0.000239806998624,38633472.0,0.0041550950115984,29384704.0,0.0049450329997875,43667456.0,0.0013534726475502,17506304.0,0.0007389677547671,23146496.0,14.0,3.5082114760654832,0.0093081873686317
1781415281,0,0.0017799573794982,112463872.0,0.0029766600637326,62029824.0,0.0002952067531196,32165888.0,0.0017405199353447,28647424.0,0.0050946532637189,55169024.0,0.0014668635920891,45223936.0,14704640.0,,19992576.0,0.0018222109480695,36868096.0,0.0026415951624891,74559488.0,0.000239806998624,38633472.0,0.0041550950115984,29384704.0,0.0049450329997875,43667456.0,0.001341566748021,17506304.0,0.0007389677547671,23146496.0,14.0,3.5082114760654832,0.0093081873686317
1781415282,0,0.0012938951987609,112463872.0,0.0029766600637326,62029824.0,0.0002952067531196,32165888.0,0.0017405199353447,28647424.0,0.0050946532637189,55169024.0,0.0014668635920891,45223936.0,14704640.0,,19992576.0,0.0018222109480695,36868096.0,0.0026415951624891,74559488.0,0.000239806998624,38633472.0,0.0041550950115984,29384704.0,0.0049450329997875,43667456.0,0.0013315776713186,17506304.0,0.0007389677547671,23146496.0,14.0,3.5082114760654832,0.0093081873686317
1781415282,0,0.0012938951987609,112463872.0,0.0029766600637326,62029824.0,0.0002952067531196,32165888.0,0.0017405199353447,28647424.0,0.0050946532637189,55169024.0,0.0014668635920891,45223936.0,14704640.0,,19992576.0,0.0018222109480695,36868096.0,0.0022343272283123,74559488.0,0.000239806998624,38633472.0,0.0041550950115984,29384704.0,0.0049450329997875,43667456.0,0.0013209676520103,17506304.0,0.0007389677547671,23146496.0,14.0,3.5082114760654832,0.0093081873686317
1781415282,0,0.0012938951987609,112463872.0,0.0029766600637326,62029824.0,0.0002952067531196,32165888.0,0.0017405199353447,28647424.0,0.0050946532637189,55169024.0,0.0014668635920891,45223936.0,14704640.0,,19992576.0,0.0018222109480695,36868096.0,0.0022172008863422,74559488.0,0.000239806998624,38633472.0,0.0041550950115984,29384704.0,0.0038198492232211,43667456.0,0.0013119504854735,17506304.0,0.0007389677547671,23146496.0,14.0,3.5082114760654832,0.0093081873686317
1781415283,0,0.0012938951987609,112463872.0,0.0029766600637326,62029824.0,0.0002952067531196,32165888.0,0.0017405199353447,28647424.0,0.0050946532637189,55169024.0,0.0015136981475501,45223936.0,14704640.0,,19992576.0,0.0018222109480695,36868096.0,0.0022019676875719,74559488.0,0.000239806998624,38633472.0,0.0041550950115984,29384704.0,0.0038491486869882,43667456.0,0.0013017724262388,17506304.0,0.0007389677547671,23146496.0,14.0,3.5082114760654832,0.0093081873686317
1781415283,0,0.0012938951987609,112463872.0,0.0029766600637326,62029824.0,0.0002952067531196,32165888.0,0.0017405199353447,28647424.0,0.0050946532637189,55169024.0,0.0015136981475501,45223936.0,14704640.0,,19992576.0,0.0018222109480695,36868096.0,0.0021844010797413,74559488.0,0.000239806998624,38633472.0,0.0041550950115984,29384704.0,0.003877979359335,43667456.0,0.0012918643420502,17506304.0,0.0007389677547671,23146496.0,14.0,3.5082114760654832,0.0093081873686317
1781415283,0,0.0012938951987609,112463872.0,0.0029766600637326,62029824.0,0.0002952067531196,32165888.0,0.0017405199353447,28647424.0,0.0050946532637189,55169024.0,0.0015136981475501,45223936.0,14704640.0,,19992576.0,0.0018222109480695,36868096.0,0.0021695200936593,74559488.0,0.000239806998624,38633472.0,0.0041550950115984,29384704.0,0.0039053255255176,43667456.0,0.0012820102528707,17506304.0,0.0007389677547671,23146496.0,14.0,3.5082114760654832,0.0093081873686317
1781415284,0,0.0012938951987609,112463872.0,0.0029766600637326,62029824.0,0.0002952067531196,32165888.0,0.0015169114714289,28647424.0,0.0050946532637189,55169024.0,0.0015136981475501,45223936.0,14704640.0,,19992576.0,0.0018222109480695,36868096.0,0.0021539787087866,74559488.0,0.000239806998624,38633472.0,0.0041550950115984,29384704.0,0.0039321247683766,43667456.0,0.0012726961137833,17506304.0,0.0007389677547671,23146496.0,14.0,3.5082114760654832,0.0093081873686317
1781415284,0,0.0010895675819566,112463872.0,0.0029766600637326,62029824.0,0.0002952067531196,32165888.0,0.0015069324904662,28647424.0,0.0050946532637189,55169024.0,0.0015136981475501,45223936.0,14704640.0,,19992576.0,0.0018222109480695,36868096.0,0.0021387895366023,74559488.0,0.000239806998624,38633472.0,0.0041550950115984,29384704.0,0.0039605647812066,43667456.0,0.0012633549771912,17506304.0,0.0007389677547671,23146496.0,14.0,3.5082114760654832,0.0093081873686317
1781415284,0,0.0010815885615642,112463872.0,0.0029766600637326,62029824.0,0.0002952067531196,32165888.0,0.0014963153188606,28647424.0,0.0050946532637189,55169024.0,0.0015136981475501,45223936.0,14704640.0,,19992576.0,0.0018222109480695,36868096.0,0.0021218833275624,74559488.0,0.000239806998624,38633472.0,0.0041550950115984,29384704.0,0.00398931732165,43667456.0,0.0012530689279382,17506304.0,0.0007389677547671,23146496.0,14.0,3.5082114760654832,0.0093081873686317
1781415285,0,0.0010727253794527,112463872.0,0.0029766600637326,62029824.0,0.0002952067531196,32165888.0,0.0014839286186541,28647424.0,0.0050946532637189,55169024.0,0.0015136981475501,45223936.0,14704640.0,,19992576.0,0.0018222109480695,36868096.0,0.0021043167197318,74559488.0,0.000239806998624,38633472.0,0.0041550950115984,29384704.0,0.0040140851350211,43667456.0,0.001241702978501,17506304.0,0.0007389677547671,23146496.0,14.0,3.5082114760654832,0.0080474968138546
1781415285,0,0.0010644444501806,112463872.0,0.0022045937012629,62029824.0,0.0002952067531196,32165888.0,0.0014736595510356,28647424.0,0.0050946532637189,55169024.0,0.0015136981475501,45223936.0,14704640.0,,19992576.0,0.0018222109480695,36868096.0,0.0020888633880313,74559488.0,0.0001654990338882,38633472.0,0.0041550950115984,29384704.0,0.0039876765516791,43667456.0,0.0012324698319274,17506304.0,0.0007389677547671,23146496.0,14.0,3.5082114760654832,0.007991802826099
1781415286,0,0.0010575221108673,112463872.0,0.0022186347966905,62029824.0,0.0002952067531196,32165888.0,0.0014637385874041,28647424.0,0.0050946532637189,55169024.0,0.0015136981475501,45223936.0,14704640.0,,19992576.0,0.0018222109480695,36868096.0,0.0020738062956051,74559488.0,0.0001667220436979,38633472.0,0.0041550950115984,29384704.0,0.0039606429131099,43667456.0,0.0012232096878492,17506304.0,0.0007389677547671,23146496.0,14.0,3.5082114760654832,0.0079375050664486
1781415286,0,0.0010497803045947,112463872.0,0.0026163531852657,62029824.0,0.0002952067531196,32165888.0,0.00145344051112,28647424.0,0.0050946532637189,55169024.0,0.0015136981475501,45223936.0,14704640.0,,19992576.0,0.0018222109480695,36868096.0,0.0020560195548443,74559488.0,0.0001682330405271,38633472.0,0.0041550950115984,29384704.0,0.0039317341088597,43667456.0,0.0012128696435869,17506304.0,0.0007389677547671,23146496.0,14.0,3.5082114760654832,0.0078808802599561
1781415286,0,0.0010416071999225,112463872.0,0.0026163531852657,62029824.0,0.0002952067531196,32165888.0,0.001442707304852,28647424.0,0.0050946532637189,55169024.0,0.0015136981475501,45223936.0,14704640.0,,19992576.0,0.0018222109480695,36868096.0,0.0020362516177117,74559488.0,0.0001699123414585,38633472.0,0.0041550950115984,29384704.0,0.0038938401357209,43667456.0,0.0012001538189197,17506304.0,0.0007389677547671,23146496.0,14.0,3.5082114760654832,0.0078050185329018
1781415287,0,0.0010309541294527,112463872.0,0.0026163531852657,62029824.0,0.0002952067531196,32165888.0,0.0014281739633919,28647424.0,0.0050946532637189,55169024.0,0.0015136981475501,45223936.0,14704640.0,,19992576.0,0.0018222109480695,36868096.0,0.0020180246110905,74559488.0,0.0001715131004756,38633472.0,0.0041550950115984,29384704.0,0.0038607903405916,43667456.0,0.0011887338744734,17506304.0,0.0004168599999999,23146496.0,14.0,3.5082114760654832,0.0077435844962688
1781415287,0,0.0010220046876613,112463872.0,0.0026163531852657,62029824.0,0.0002952067531196,32165888.0,0.0014164834711595,28647424.0,0.0050946532637189,55169024.0,0.0015136981475501,45223936.0,14704640.0,,19992576.0,0.001584382049164,36868096.0,0.002001514641325,74559488.0,0.0001729156346611,38633472.0,0.0041550950115984,29384704.0,0.0038327409872786,43667456.0,0.0011789877753124,17506304.0,0.0004168599999999,23146496.0,14.0,3.5082114760654832,0.0076883559178816
1781415288,0,0.0010145863551884,112463872.0,0.0026163531852657,62029824.0,0.0002952067531196,32165888.0,0.0014061273775442,28647424.0,0.0050946532637189,55169024.0,0.0015136981475501,45223936.0,14704640.0,,19992576.0,0.0015727198990963,36868096.0,0.001985621043764,74559488.0,0.0001742957282996,38633472.0,0.0041550950115984,29384704.0,0.0038044572382554,43667456.0,0.0011688637110869,17506304.0,0.0004168599999999,23146496.0,14.0,3.5082114760654832,0.0076280078364416
1781415288,0,0.0010064563803562,112463872.0,0.00221754464953,62029824.0,0.0002952067531196,32165888.0,0.0013946979633021,28647424.0,0.0050946532637189,55169024.0,0.0015136981475501,45223936.0,14704640.0,,19992576.0,0.0015596303504527,36868096.0,0.0019666455851801,74559488.0,0.0001758516062227,38633472.0,0.0041550950115984,29384704.0,0.003771173047416,43667456.0,0.0011577947342004,17506304.0,0.0004168599999999,23146496.0,14.0,3.5082114760654832,0.0075631607977735
1781415288,0,0.0009973344192049,112463872.0,0.0021983580595047,62029824.0,0.0002952067531196,32165888.0,0.0013822242370988,28647424.0,0.0050946532637189,55169024.0,0.0015136981475501,45223936.0,14704640.0,,19992576.0,0.0015486970847643,36868096.0,0.0019500915888285,74559488.0,0.0001772878012287,38633472.0,0.0041550950115984,29384704.0,0.0037422642431658,43667456.0,0.0011472657074059,17506304.0,0.0004168599999999,23146496.0,14.0,3.5082114760654832,0.0075040538079827
1781415289,0,0.0009897435673722,112463872.0,0.0021826163345067,62029824.0,0.0002952067531196,32165888.0,0.0013719841781458,28647424.0,0.0050946532637189,55169024.0,0.0012489712627704,45223936.0,14704640.0,,19992576.0,0.0015368223434194,36868096.0,0.001933669672235,74559488.0,0.0001786155335909,38633472.0,0.0041550950115984,29384704.0,0.0037131991751088,43667456.0,0.0011371146456758,17506304.0,0.000539687686682,23146496.0,14.0,3.5082114760654832,0.0074433954536304
1781415289,0,0.0009812469889003,112463872.0,0.0021666129741901,62029824.0,0.0002952067531196,32165888.0,0.0013615410585338,28647424.0,0.005302133828787,55169024.0,0.0012406963795638,45223936.0,14704640.0,,19992576.0,0.0015264964813803,36868096.0,0.0019186125798089,74559488.0,0.0001799357857709,38633472.0,0.0041550950115984,29384704.0,0.00368663432796,43667456.0,0.0011279894891206,17506304.0,0.0005358253249752,23146496.0,14.0,3.5082114760654832,0.007392200423103
1781415289,0,0.0009733326632679,112463872.0,0.0021499119196909,62029824.0,0.0002952067531196,32165888.0,0.0013499956096293,28647424.0,0.005302133828787,55169024.0,0.0012297977529015,45223936.0,14704640.0,,19992576.0,0.0015137106345614,36868096.0,0.001899681147811,74559488.0,0.0001815664655172,38633472.0,0.0041550950115984,29384704.0,0.0036525688180867,43667456.0,0.0011148687018844,17506304.0,0.0005301521230616,23146496.0,14.0,3.5082114760654832,0.0073239403823997
1781415290,0,0.0009625502032782,112463872.0,0.0021280653705939,62029824.0,0.0002952067531196,32165888.0,0.0013349981295198,28647424.0,0.005302133828787,55169024.0,0.0012170322318571,45223936.0,14704640.0,,19992576.0,0.0014985559135099,36868096.0,0.0018774917484461,74559488.0,0.0001833878899128,38633472.0,0.0041550950115984,29384704.0,0.0036152217682716,43667456.0,0.0011038537200071,17506304.0,0.0005257510936984,23146496.0,14.0,3.5082114760654832,0.0072479235188892
1781415290,0,0.0009545927478058,112463872.0,0.0021126288868008,62029824.0,0.0002952067531196,32165888.0,0.0013258894085248,28647424.0,0.005302133828787,55169024.0,0.0012090853165825,45223936.0,14704640.0,,19992576.0,0.0014861952492455,36868096.0,0.0018567552264206,74559488.0,0.0001852392350376,38633472.0,0.0041550950115984,29384704.0,0.0035750619699348,43667456.0,0.0010898420151191,17506304.0,0.0005195392241284,23146496.0,14.0,3.5082114760654832,0.007364261449635
1781415291,0,0.0009432711648167,112463872.0,0.0020889508904742,62029824.0,0.0002952067531196,32165888.0,0.0013097025731261,28647424.0,0.005302133828787,55169024.0,0.0011953358917422,45223936.0,14704640.0,,19992576.0,0.0014714960809311,36868096.0,0.0018388364059017,74559488.0,0.0001866829102259,38633472.0,0.0035409835108147,29384704.0,0.0035446686595204,43667456.0,0.0010795019708568,17506304.0,0.0005150465066534,23146496.0,14.0,3.5082114760654832,0.0072774814355251
1781415291,0,0.0009346883266649,112463872.0,0.0020723370477477,62029824.0,0.0002952067531196,32165888.0,0.0012989693668581,28647424.0,0.005302133828787,55169024.0,0.0011858500500176,45223936.0,14704640.0,,19992576.0,0.0014605324450602,36868096.0,0.0018223264361361,74559488.0,0.0001881116250495,38633472.0,0.0035148756638252,29384704.0,0.0035139628214925,43667456.0,0.0010687299665209,17506304.0,0.000510003660508,23146496.0,14.0,3.5324577194034674,0.0072190026512421
1781415292,0,0.0009253507163138,112463872.0,0.0020530632459496,62029824.0,0.0002952067531196,32165888.0,0.0012861185280022,28647424.0,0.005302133828787,55169024.0,0.0011745982271208,45223936.0,14704640.0,,19992576.0,0.001447928819336,36868096.0,0.0018045837219614,74559488.0,0.0001895927011494,38633472.0,0.0034883523073345,29384704.0,0.0034852884129524,43667456.0,0.0010589838673598,17506304.0,0.0005065195122621,23146496.0,14.0,3.532457719403453,0.0071517676853551
1781415292,0,0.000917824559241,112463872.0,0.0020382372445664,62029824.0,0.0002952067531196,32165888.0,0.0012760525210428,28647424.0,0.005302133828787,55169024.0,0.0011653142118158,45223936.0,14704640.0,,19992576.0,0.0014367525921879,36868096.0,0.0017878536192656,74559488.0,0.0002244054696789,38633472.0,0.003461205686592,29384704.0,0.0034546607068278,43667456.0,0.0010479688854825,17506304.0,0.0005016829643681,23146496.0,14.0,3.532457719403453,0.007094070703001
1781415292,0,0.0009097377142488,112463872.0,0.0020213617665215,62029824.0,0.0002952067531196,32165888.0,0.0012646811241318,28647424.0,0.005302133828787,55169024.0,0.0011556770002764,45223936.0,14704640.0,,19992576.0,0.0014237237839092,36868096.0,0.0017689662138538,74559488.0,0.0002244054696789,38633472.0,0.0033820351914768,29384704.0,0.0034187200312735,43667456.0,0.001035550033366,17506304.0,0.0004965713521389,23146496.0,14.0,3.532457719403453,0.0070318392694591
1781415293,0,0.0008994081175787,112463872.0,0.0020005181528122,62029824.0,0.0002952067531196,32165888.0,0.0012920920445675,28647424.0,0.005302133828787,55169024.0,0.0011436683283058,45223936.0,14704640.0,,19992576.0,0.001407809808296,36868096.0,0.0017452358839775,74559488.0,0.0002244054696789,38633472.0,0.0033450048745931,29384704.0,0.0033752005610915,43667456.0,0.0010200804632294,17506304.0,0.0004900271131639,23146496.0,14.0,3.532457719403453,0.0069570990050546
1781415293,0,0.0008871376781104,112463872.0,0.001974092985641,62029824.0,0.0002952067531196,32165888.0,0.0012741461147089,28647424.0,0.005302133828787,55169024.0,0.0011281024656885,45223936.0,14704640.0,,19992576.0,0.0013898306602751,36868096.0,0.0017199205970036,74559488.0,0.0002244054696789,38633472.0,0.0033047545301542,29384704.0,0.0033296496614215,43667456.0,0.0010039359554779,17506304.0,0.0004829556675464,23146496.0,14.0,3.532457719403453,0.0068612500885692
1781415294,0,0.0008728617010841,112463872.0,0.0019460107947858,62029824.0,0.0002952067531196,32165888.0,0.0012544711749967,28647424.0,0.005302133828787,55169024.0,0.0011100642294302,45223936.0,14704640.0,,19992576.0,0.0013679337587158,36868096.0,0.0016873409233329,74559488.0,0.0002244054696789,38633472.0,0.0032559845294757,29384704.0,0.0032715195253076,43667456.0,0.0010113326225836,17506304.0,0.0006443163406673,23146496.0,14.0,3.532457719403453,0.0067499214938913
1781415295,0,0.0011688515034571,112459776.0,0.0027180481616,62074880.0,0.000441105855304,32165888.0,0.0016160039491546,28643328.0,0.004989449210954,55291904.0,0.0014634162743779,45223936.0,14675968.0,,19992576.0,0.0015645825766615,36868096.0,0.0026106383910966,74436608.0,0.0002244054696789,38633472.0,0.0039731777787506,29691904.0,0.004722535649345,43667456.0,0.0015199869681003,17235968.0,0.0006443163406673,23146496.0,14.0,3.532457719403453,0.0089057273197753
1781415296,0,0.0011688515034571,112459776.0,0.0027180481616,62074880.0,0.0003581688139978,32165888.0,0.0016160039491546,28643328.0,0.004989449210954,55291904.0,0.0014128254719703,45223936.0,14675968.0,,19992576.0,0.0015645825766615,36868096.0,0.0020643245785236,74436608.0,0.0001891214496631,38633472.0,0.0039731777787506,29691904.0,0.004722535649345,43667456.0,0.0015199869681003,17235968.0,0.0006443163406673,23146496.0,14.0,3.532457719403453,0.0089057273197753
1781415296,0,0.0010817446379732,112459776.0,0.0027180481616,62074880.0,0.0003649113469829,32165888.0,0.0016160039491546,28643328.0,0.004989449210954,55291904.0,0.0014128254719703,45223936.0,14675968.0,,19992576.0,0.0015645825766615,36868096.0,0.0020888266958283,74436608.0,0.0001871317211652,38633472.0,0.0039731777787506,29691904.0,0.004722535649345,43667456.0,0.0015199869681003,17235968.0,0.0006443163406673,23146496.0,14.0,3.532457719403453,0.0089057273197753
1781415297,0,0.0010817446379732,112459776.0,0.0027180481616,62074880.0,0.0003685462879498,32165888.0,0.0016160039491546,28643328.0,0.004989449210954,55291904.0,0.0014128254719703,45223936.0,14675968.0,,19992576.0,0.0015645825766615,36868096.0,0.0017407524999999,74436608.0,0.000185688045977,38633472.0,0.0039731777787506,29691904.0,0.004722535649345,43667456.0,0.0015199869681003,17235968.0,0.0006443163406673,23146496.0,14.0,3.532457719403453,0.0089057273197753
1781415297,0,0.0010817446379732,112459776.0,0.0023445732439286,62074880.0,0.0003728215812113,32165888.0,0.0016160039491546,28643328.0,0.004989449210954,55291904.0,0.0014128254719703,45223936.0,14675968.0,,19992576.0,0.0015645825766615,36868096.0,0.0017407524999999,74436608.0,0.0001838554013079,38633472.0,0.0039731777787506,29691904.0,0.004722535649345,43667456.0,0.0015199869681003,17235968.0,0.0006443163406673,23146496.0,14.0,3.532457719403453,0.0089057273197753
1781415298,0,0.0010817446379732,112459776.0,0.0023243237851247,62074880.0,0.0003768802847261,32165888.0,0.0016160039491546,28643328.0,0.004989449210954,55291904.0,0.0014128254719703,45223936.0,14675968.0,,19992576.0,0.0015645825766615,36868096.0,0.0017407524999999,74436608.0,0.0001822434220174,38633472.0,0.0039731777787506,29691904.0,0.004059019390612,43667456.0,0.0015199869681003,17235968.0,0.0006443163406673,23146496.0,14.0,3.532457719403453,0.0089057273197753
1781415311,1,0.0011164679135209,112459776.0,0.0028637878511729,62083072.0,0.0004336558619576,32161792.0,0.0016110570469799,28651520.0,0.0043182297004897,55291904.0,0.0014135848480884,45223936.0,14675968.0,,19992576.0,0.0017496375894522,36868096.0,0.0025682143361415,74436608.0,0.0002512935069356,38703104.0,0.0033464572695244,29233152.0,0.0045728337032683,43663360.0,0.0015338689430078,17375232.0,0.0005621937115038,23273472.0,14.0,3.3541023133856243,0.0082362123720854
1781415311,1,0.0010614408300434,112459776.0,0.0024894510041933,62083072.0,0.0004336558619576,32161792.0,0.0016110570469799,28651520.0,0.0043182297004897,55291904.0,0.0014135848480884,45223936.0,14675968.0,,19992576.0,0.0017496375894522,36868096.0,0.0025682143361415,74436608.0,0.0002512935069356,38703104.0,0.0033464572695244,29233152.0,0.0045728337032683,43663360.0,0.0015338689430078,17375232.0,0.0005621937115038,23273472.0,14.0,3.354102313385596,0.0082362123720854
1781415312,1,0.0010614408300434,112459776.0,0.0024546559818016,62083072.0,0.0004336558619576,32161792.0,0.0013724952995899,28651520.0,0.0037651364463519,55291904.0,0.0014135848480884,45223936.0,14675968.0,,19992576.0,0.0017496375894522,36868096.0,0.002196565185987,74436608.0,0.0002512935069356,38703104.0,0.0033464572695244,29233152.0,0.0045728337032683,43663360.0,0.0015338689430078,17375232.0,0.0005621937115038,23273472.0,14.0,3.3541023133856243,0.0082362123720854
1781415313,1,0.0010614408300434,112459776.0,0.0024200518785999,62083072.0,0.0004336558619576,32161792.0,0.0013519543222409,28651520.0,0.0037088555192556,55291904.0,0.0014135848480884,45223936.0,14675968.0,,19992576.0,0.0017496375894522,36868096.0,0.002163306810334,74436608.0,0.0002512935069356,38703104.0,0.0033464572695244,29233152.0,0.0047645357430793,43663360.0,0.0015338689430078,17375232.0,0.0005621937115038,23273472.0,14.0,3.3541023133856243,0.0082362123720854
1781415313,1,0.0010614408300434,112459776.0,0.0023858296137784,62083072.0,0.0004336558619576,32161792.0,0.0013332660604959,28651520.0,0.0036602754351251,55291904.0,0.0014135848480884,45223936.0,14675968.0,,19992576.0,0.0017496375894522,36868096.0,0.0021377102741171,74436608.0,0.0002512935069356,38703104.0,0.0033464572695244,29233152.0,0.0047645357430793,43663360.0,0.0015338689430078,17375232.0,0.0005621937115038,23273472.0,14.0,3.3541023133856243,0.0066610710734756
1781415314,1,0.0010614408300434,112459776.0,0.0023537551898453,62083072.0,0.0004336558619576,32161792.0,0.0013154907310776,28651520.0,0.0036112635280245,55291904.0,0.0014135848480884,45223936.0,14675968.0,,19992576.0,0.0017496375894522,36868096.0,0.0021474903432866,74436608.0,0.0002512935069356,38703104.0,0.0033464572695244,29233152.0,0.0047645357430793,43663360.0,0.0015338689430078,17375232.0,0.0005621937115038,23273472.0,14.0,3.3541023133856243,0.006563197416454
1781415315,1,0.0008916147199066,112459776.0,0.0023222535234824,62083072.0,0.0003781190012362,32161792.0,0.000931725,28651520.0,0.003562971325874,55291904.0,0.0013902601843107,45223936.0,14675968.0,,19992576.0,0.0017496375894522,36868096.0,0.0021202892149893,74436608.0,0.0002512935069356,38703104.0,0.0033464572695244,29233152.0,0.0047645357430793,43663360.0,0.0015338689430078,17375232.0,0.0005621937115038,23273472.0,14.0,3.3541023133856243,0.0064687555145874
1781415315,1,0.0008804519005106,112459776.0,0.0022925655894252,62083072.0,0.0003736595734558,32161792.0,0.0011159514255634,28651520.0,0.0035210125272843,55291904.0,0.0013902601843107,45223936.0,14675968.0,,19992576.0,0.0017496375894522,36868096.0,0.0020965743072491,74436608.0,0.0002512935069356,38703104.0,0.0033464572695244,29233152.0,0.0040293678779221,43663360.0,0.0015338689430078,17375232.0,0.0005621937115038,23273472.0,14.0,3.354102313385596,0.0063927078203518
1781415316,1,0.0008687406700191,112459776.0,0.0022597274887318,62083072.0,0.0003686869862387,32161792.0,0.0010992432022536,28651520.0,0.0034676104199882,55291904.0,0.0013902601843107,45223936.0,14675968.0,,19992576.0,0.0017496375894522,36868096.0,0.0020654565607951,74436608.0,0.0002512935069356,38703104.0,0.0033464572695244,29233152.0,0.0039744963079477,43663360.0,0.0015338689430078,17375232.0,0.0005621937115038,23273472.0,14.0,3.3541023133856243,0.0082907157607979
1781415317,1,0.0008569586768056,112459776.0,0.0022289894991292,62083072.0,0.0003641480548835,32161792.0,0.0010851272279763,28651520.0,0.0034269470903086,55291904.0,0.0013902601843107,45223936.0,14675968.0,,19992576.0,0.0017496375894522,36868096.0,0.0020398048638565,74436608.0,0.0002512935069356,38703104.0,0.0033464572695244,29233152.0,0.003928597946956,43663360.0,0.0015338689430078,17375232.0,0.0005621937115038,23273472.0,14.0,3.3541023133856243,0.0082907157607979
1781415317,1,0.0008476887602233,112459776.0,0.0022034063276587,62083072.0,0.0003602523797236,32161792.0,0.0010723073782154,28651520.0,0.0033877951410242,55291904.0,0.0013902601843107,45223936.0,14675968.0,,19992576.0,0.0017496375894522,36868096.0,0.0020130341331588,74436608.0,0.0002512935069356,38703104.0,0.0033464572695244,29233152.0,0.0038763468716402,43663360.0,0.0015338689430078,17375232.0,0.0005621937115038,23273472.0,14.0,3.354102313385596,0.0082907157607979
1781415318,1,0.0008353583559143,112459776.0,0.0021695181714198,62083072.0,0.0003548678194376,32161792.0,0.0010538788441839,28651520.0,0.0033310104204627,55291904.0,0.0011593901024536,45223936.0,14675968.0,,19992576.0,0.0017496375894522,36868096.0,0.0019818303071849,74436608.0,0.0002512935069356,38703104.0,0.0030874415835689,29233152.0,0.003818775398078,43663360.0,0.0015338689430078,17375232.0,0.0005621937115038,23273472.0,14.0,3.3541023133856243,0.0063710696156831
1781415319,1,0.0008233817652153,112459776.0,0.0022888025164518,62083072.0,0.000350292750094,32161792.0,0.0010397157381061,28651520.0,0.0032867485660327,55291904.0,0.001145024080549,45223936.0,14675968.0,,19992576.0,0.0017496375894522,36868096.0,0.0019519176740099,74436608.0,0.0002512935069356,38703104.0,0.0030874415835689,29233152.0,0.0037635067834583,43663360.0,0.0015338689430078,17375232.0,0.0005621937115038,23273472.0,14.0,3.3541023133856243,0.0062831880286187
1781415319,1,0.0008099545387152,112459776.0,0.0022515988874731,62083072.0,0.0003449298726011,32161792.0,0.0010224183672889,28651520.0,0.003236153308042,55291904.0,0.0011287348653895,45223936.0,14675968.0,,19992576.0,0.0017496375894522,36868096.0,0.0019281166867498,74436608.0,0.0002512935069356,38703104.0,0.0030874415835689,29233152.0,0.0037269786760947,43663360.0,0.0015338689430078,17375232.0,0.0005621937115038,23273472.0,14.0,3.354102313385596,0.0061914374408658
1781415320,1,0.0008034620589714,112459776.0,0.0022321794108084,62083072.0,0.0003423640754178,32161792.0,0.0010137225500797,28651520.0,0.0032086605789488,55291904.0,0.0011203701332806,45223936.0,14675968.0,,19992576.0,0.0017496375894522,36868096.0,0.0019119337370033,74436608.0,0.0002512935069356,38703104.0,0.0030874415835689,29233152.0,0.0036956915580485,43663360.0,0.0015338689430078,17375232.0,0.0005621937115038,23273472.0,14.0,3.354102313385596,0.0061385150385927
1781415320,1,0.0007965273122152,112459776.0,0.0022126066224858,62083072.0,0.0003396031330967,32161792.0,0.0010049324692693,28651520.0,0.0031823913482709,55291904.0,0.0011115419811102,45223936.0,14675968.0,,19992576.0,0.0017496375894522,36868096.0,0.0018965255029361,74436608.0,0.0002512935069356,38703104.0,0.0030874415835689,29233152.0,0.0036656749828671,43663360.0,0.0015338689430078,17375232.0,0.0005621937115038,23273472.0,14.0,3.3541023133856243,0.006089185279816
1781415321,1,0.0007835600434081,112459776.0,0.0021745342274458,62083072.0,0.0003340234276729,32161792.0,0.0009863154080355,28651520.0,0.0031257505686994,55291904.0,0.0010937698217541,45223936.0,14675968.0,,19992576.0,0.0017496375894522,36868096.0,0.0018608885816859,74436608.0,0.0002512935069356,38703104.0,0.0030874415835689,29233152.0,0.0035996067538964,43663360.0,0.0015338689430078,17375232.0,0.0005621937115038,23273472.0,14.0,3.3541023133856243,0.0059819586893097
1781415321,1,0.0007741486013817,112459776.0,0.0021455583241066,62083072.0,0.0003300193385474,32161792.0,0.0009739197444799,28651520.0,0.00308638270793,55291904.0,0.0010805623500032,45223936.0,14675968.0,,19992576.0,0.0017496375894522,36868096.0,0.0018387231053044,74436608.0,0.0002512935069356,38703104.0,0.0030874415835689,29233152.0,0.0035595846536545,43663360.0,0.0015338689430078,17375232.0,0.0005621937115038,23273472.0,14.0,3.1976453462526138,0.005902367818006
1781415322,1,0.0007662231765174,112459776.0,0.0021244524192052,62083072.0,0.0003271427546631,32161792.0,0.0009642812912588,28651520.0,0.0030575945099267,55291904.0,0.0010715951718144,45223936.0,14675968.0,,19992576.0,0.0017496375894522,36868096.0,0.0018215932808387,74436608.0,0.0002929054394995,38703104.0,0.0030874415835689,29233152.0,0.0035284563534664,43663360.0,0.0015338689430078,17375232.0,0.0005621937115038,23273472.0,14.0,3.1976453462526138,0.0058483399869648
1781415322,1,0.0007598014594957,112459776.0,0.0021064638513474,62083072.0,0.0003245335918937,32161792.0,0.0009551612878443,28651520.0,0.0030293820758835,55291904.0,0.0010621877445672,45223936.0,14675968.0,,19992576.0,0.0014840474634778,36868096.0,0.0018036457009337,74436608.0,0.0002929054394995,38703104.0,0.0030874415835689,29233152.0,0.0034943105139743,43663360.0,0.0015338689430078,17375232.0,0.0005621937115038,23273472.0,14.0,3.1976453462526138,0.0057944503345196
1781415323,1,0.0007511507167308,112459776.0,0.0020805541811657,62083072.0,0.0003208186066762,32161792.0,0.0009428834537901,28651520.0,0.0029924612119443,55291904.0,0.0010503241909944,45223936.0,14675968.0,,19992576.0,0.0017941058880542,36868096.0,0.0017803181510332,74436608.0,0.0002929054394995,38703104.0,0.0030874415835689,29233152.0,0.003453494324442,43663360.0,0.0015338689430078,17375232.0,0.0005621937115038,23273472.0,14.0,3.1976453462526138,0.0057198338926724
1781415323,1,0.0007425176646465,112459776.0,0.0020562287314489,62083072.0,0.0003173565873783,32161792.0,0.0009321374032552,28651520.0,0.0029600744891906,55291904.0,0.0010402911466643,45223936.0,14675968.0,,19992576.0,0.0017941058880542,36868096.0,0.0017619832132885,74436608.0,0.0002929054394995,38703104.0,0.0030874415835689,29233152.0,0.0034183161688722,43663360.0,0.0015338689430078,17375232.0,0.0005621937115038,23273472.0,14.0,3.1976453462526138,0.0056612461679628
1781415324,1,0.0007340084473256,112459776.0,0.0020323632167057,62083072.0,0.0003139812992527,32161792.0,0.0009217448412247,28651520.0,0.002849646414068,55291904.0,0.0010303507863465,45223936.0,14675968.0,,19992576.0,0.0017941058880542,36868096.0,0.0017455420249822,74436608.0,0.0002929054394995,38703104.0,0.0030874415835689,29233152.0,0.0033894113186975,43663360.0,0.001576883276648,17375232.0,0.0005621937115038,23273472.0,14.0,3.1976453462526138,0.0056050074793854
1781415324,1,0.0007278167091504,112459776.0,0.0020139147138742,62083072.0,0.0003935284871248,32161792.0,0.0009135910397223,28651520.0,0.0028252075685604,55291904.0,0.0010218470282191,45223936.0,14675968.0,,19992576.0,0.0017941058880542,36868096.0,0.001729100836676,74436608.0,0.0002929054394995,38703104.0,0.0030874415835689,29233152.0,0.0033587594720837,43663360.0,0.001576883276648,17375232.0,0.0005621937115038,23273472.0,14.0,3.1976453462526138,0.0055542959346485
1781415325,1,0.0007172199915304,112459776.0,0.0019829457589826,62083072.0,0.0003879619583818,32161792.0,0.0008975190957205,28651520.0,0.002776539953581,55291904.0,0.0015580850410286,45223936.0,14675968.0,,19992576.0,0.0019102013845185,36868096.0,0.0032608585705326,74952704.0,0.000290160132251,38813696.0,0.0030874415835689,29233152.0,0.0043133172951399,43663360.0,0.0015753836587488,17240064.0,0.0006001096765503,23171072.0,14.0,3.1976453462526138,0.0054561891314791
1781415325,1,0.0009176128548205,112467968.0,0.0026544788900196,62222336.0,0.0004793168924938,32165888.0,0.0015974576847257,28647424.0,0.003372898943629,55291904.0,0.0015580850410286,45223936.0,14675968.0,,19992576.0,0.0019102013845185,36868096.0,0.0032608585705326,74952704.0,0.000290160132251,38813696.0,0.0030874415835689,29233152.0,0.0043133172951399,43663360.0,0.0015753836587488,17240064.0,0.0006001096765503,23171072.0,14.0,3.1976453462526138,0.0054052012295502
1781415343,1,0.0010975199985082,112463872.0,0.002763782683576,62472192.0,0.0003446778395454,32161792.0,0.0018011650366996,28647424.0,0.0034546871730487,55328768.0,0.001610341420573,45223936.0,14675968.0,,19992576.0,0.0018907819185492,36868096.0,0.0039266416169208,74702848.0,0.0001585712874197,38785024.0,0.0015044180975476,29233152.0,0.0037502305692968,43663360.0,0.0012190811835632,17371136.0,0.0005653456679127,23203840.0,14.0,2.794985332681023,
1781415344,1,0.0010975199985082,112463872.0,0.002763782683576,62472192.0,0.0003446778395454,32161792.0,0.0018011650366996,28647424.0,0.0034546871730487,55328768.0,0.001610341420573,45223936.0,14675968.0,,19992576.0,0.0018907819185492,36868096.0,0.0039266416169208,74702848.0,0.0001609553756294,38785024.0,0.0014782921065339,29233152.0,0.0037502305692968,43663360.0,0.0012366831808225,17371136.0,0.0005653456679127,23203840.0,14.0,2.794985332681023,
1781415344,1,0.0010975199985082,112463872.0,0.002763782683576,62472192.0,0.0003446778395454,32161792.0,0.0018011650366996,28647424.0,0.0034546871730487,55328768.0,0.001610341420573,45223936.0,14675968.0,,19992576.0,0.0018907819185492,36868096.0,0.0039266416169208,74702848.0,0.0001633850196649,38785024.0,0.0014510579984462,29233152.0,0.0037502305692968,43663360.0,0.0012561139570179,17371136.0,0.0005653456679127,23203840.0,14.0,2.794985332681023,
1781415345,1,0.0010975199985082,112463872.0,0.002763782683576,62472192.0,0.0003446778395454,32161792.0,0.0018815944724953,28647424.0,0.0034546871730487,55328768.0,0.001610341420573,45223936.0,14675968.0,,19992576.0,0.0018907819185492,36868096.0,0.0039266416169208,74702848.0,0.0001661487397552,38785024.0,0.0014202438198118,29233152.0,0.0037502305692968,43663360.0,0.0012762019506434,17371136.0,0.0005653456679127,23203840.0,14.0,2.794985332681023,
1781415346,1,0.0010975199985082,112463872.0,0.002763782683576,62472192.0,0.0003446778395454,32161792.0,0.0018815944724953,28647424.0,0.0034546871730487,55328768.0,0.001610341420573,45223936.0,14675968.0,,19992576.0,0.0018907819185492,36868096.0,0.0039266416169208,74702848.0,0.0001686884770359,38785024.0,0.0013908787173511,29233152.0,0.0037502305692968,43663360.0,0.0012967185643321,17371136.0,0.0005653456679127,23203840.0,14.0,2.794985332681023,
1781415346,1,0.0010632271202683,112463872.0,0.002763782683576,62472192.0,0.0003446778395454,32161792.0,0.0018815944724953,28647424.0,0.0034546871730487,55328768.0,0.001610341420573,45223936.0,14675968.0,,19992576.0,0.0018907819185492,36868096.0,0.0039266416169208,74702848.0,0.0001714332155322,38785024.0,0.0013598940591668,29233152.0,0.0037502305692968,43663360.0,0.0013158350191478,17371136.0,0.0005653456679127,23203840.0,14.0,2.794985332681023,
1781415347,1,0.0010632271202683,112463872.0,0.0023008836313605,62472192.0,0.0003446778395454,32161792.0,0.0018815944724953,28647424.0,0.0034546871730487,55328768.0,0.001610341420573,45223936.0,14675968.0,,19992576.0,0.0012658524999999,36868096.0,0.0039266416169208,74702848.0,0.0001741210092464,38785024.0,0.0013297617987318,29233152.0,0.0037502305692968,43663360.0,0.0013367231035578,17371136.0,0.0005653456679127,23203840.0,14.0,2.794985332681023,
1781415348,1,0.0010632271202683,112463872.0,0.0022687316261416,62472192.0,0.0003446778395454,32161792.0,0.0018815944724953,28647424.0,0.0034546871730487,55328768.0,0.001610341420573,45223936.0,14675968.0,,19992576.0,0.0012658524999999,36868096.0,0.0032572964702964,74702848.0,0.0001767746360913,38785024.0,0.0013002688366087,29233152.0,0.0037502305692968,43663360.0,0.0013567825225124,17371136.0,0.0005653456679127,23203840.0,14.0,2.794985332681023,
1781415348,1,0.0010632271202683,112463872.0,0.0022380075753092,62472192.0,0.0004026297539461,32161792.0,0.0018815944724953,28647424.0,0.0032273465029364,55328768.0,0.001610341420573,45223936.0,14675968.0,,19992576.0,0.0012658524999999,36868096.0,0.0032164593974805,74702848.0,0.0001791359463883,38785024.0,0.0012742280853699,29233152.0,0.0037502305692968,43663360.0,0.001373870175696,17371136.0,0.0005653456679127,23203840.0,14.0,2.794985332681023,
1781415349,1,0.0010632271202683,112463872.0,0.0022078362810135,62472192.0,0.0004026297539461,32161792.0,0.0018815944724953,28647424.0,0.0032273465029364,55328768.0,0.001610341420573,45223936.0,14675968.0,,19992576.0,0.0012658524999999,36868096.0,0.003174902440368,74702848.0,0.0001815314235544,38785024.0,,29233152.0,0.0028400496101285,43663360.0,0.0013937581466254,17371136.0,0.0004820828142662,23203840.0,14.0,2.794985332681023,
1781415350,1,0.0010632271202683,112463872.0,0.0021739338800949,62472192.0,0.0004026297539461,32161792.0,0.0018815944724953,28647424.0,0.0032273465029364,55328768.0,0.0016740416848856,45223936.0,14675968.0,,19992576.0,0.0012658524999999,36868096.0,0.0031284371812345,74702848.0,0.0001842381988626,38785024.0,,29233152.0,0.0027966719432103,43663360.0,0.0011677324999999,17371136.0,0.0004755624942297,23203840.0,14.0,2.794985332681023,
1781415350,1,0.0010632271202683,112463872.0,0.0021435322705756,62472192.0,0.0004026297539461,32161792.0,0.0018815944724953,28647424.0,0.0032273465029364,55328768.0,0.0016740416848856,45223936.0,14675968.0,,19992576.0,0.0012658524999999,36868096.0,0.0030542236546747,74702848.0,0.0001886571139521,38785024.0,,29233152.0,0.0027239799740087,43663360.0,0.0011677324999999,17371136.0,0.0005023877082203,23203840.0,14.0,2.759142276151678,
1781415352,1,0.0010632271202683,112463872.0,0.0020866444103387,62472192.0,0.0004026297539461,32161792.0,0.0018815944724953,28647424.0,0.0032273465029364,55328768.0,0.0016740416848856,45223936.0,14675968.0,,19992576.0,0.0012658524999999,36868096.0,0.0030000360003612,74702848.0,0.000191758706416,38785024.0,,29233152.0,0.002673789388223,43663360.0,0.0011677324999999,17371136.0,0.000495041821758,23203840.0,14.0,2.733715219130943,
1781415352,1,0.0010632271202683,112463872.0,0.0020543081529408,62472192.0,0.0004026297539461,32161792.0,0.0018815944724953,28647424.0,0.0032273465029364,55328768.0,0.0016740416848856,45223936.0,14675968.0,,19992576.0,0.0014941809798235,36868096.0,0.0029436232491314,74702848.0,0.0002277791283209,38785024.0,,29233152.0,0.0026187235026971,43663360.0,0.0013879289137668,17371136.0,0.0004860342451166,23203840.0,14.0,2.733715219130943,
1781415353,1,0.0010632271202683,112463872.0,0.0020147860605657,62472192.0,0.0004026297539461,32161792.0,0.0018815944724953,28647424.0,0.0032273465029364,55328768.0,0.0016740416848856,45223936.0,14675968.0,,19992576.0,0.0014714821863101,36868096.0,0.0029025244002076,74702848.0,0.0001944009443046,38785024.0,,29233152.0,0.0025813462046898,43663360.0,0.0013708126859123,17371136.0,0.0004799346262886,23203840.0,14.0,2.733715219130943,
1781415354,1,0.0010632271202683,112463872.0,0.0019853517749856,62472192.0,0.0004026297539461,32161792.0,0.0018815944724953,28647424.0,0.0032273465029364,55328768.0,0.0013786640047612,45223936.0,14675968.0,,19992576.0,0.0014506585105217,36868096.0,0.002862472655715,74702848.0,0.0001920054671384,38785024.0,,29233152.0,0.0025411562337555,43663360.0,0.001352753493919,17371136.0,0.0004738958010038,23203840.0,14.0,2.733715219130943,
1781415354,1,0.0010632271202683,112463872.0,0.0019600171003862,62472192.0,0.0004026297539461,32161792.0,0.0018815944724953,28647424.0,0.0032273465029364,55328768.0,0.0013630954170918,45223936.0,14675968.0,,19992576.0,0.0014283873754368,36868096.0,0.0032722972285009,74711040.0,0.0002252163650669,38612992.0,,29233152.0,0.004727614728482,43712512.0,0.0017210624945524,17367040.0,0.0005231752202142,23203840.0,14.0,2.733715219130943,
1781415355,1,0.0009524881877762,112463872.0,0.0024987634000168,62427136.0,0.0003532962854635,32157696.0,0.0019580795785608,28643328.0,0.0023912570888468,55336960.0,0.0016618158943174,45223936.0,14675968.0,,19992576.0,0.0021717517147443,36868096.0,0.0032722972285009,74711040.0,0.0002252163650669,38612992.0,,29233152.0,0.004727614728482,43712512.0,0.0017210624945524,17367040.0,0.0005231752202142,23203840.0,14.0,2.733715219130943,
1781415356,1,0.0009524881877762,112463872.0,0.0024987634000168,62427136.0,0.0003532962854635,32157696.0,0.0019580795785608,28643328.0,0.0023912570888468,55336960.0,0.0016618158943174,45223936.0,14675968.0,,19992576.0,0.0021717517147443,36868096.0,0.0032722972285009,74711040.0,0.0002252163650669,38612992.0,,29233152.0,0.004727614728482,43712512.0,0.0017210624945524,17367040.0,0.0005231752202142,23203840.0,14.0,2.733715219130943,
1781415356,1,0.0009524881877762,112463872.0,0.0024987634000168,62427136.0,0.0003532962854635,32157696.0,0.0020067287176474,28643328.0,0.0023912570888468,55336960.0,0.0016618158943174,45223936.0,14675968.0,,19992576.0,0.0021717517147443,36868096.0,0.0021402414357556,74711040.0,0.0002252163650669,38612992.0,,29233152.0,0.004727614728482,43712512.0,0.0017210624945524,17367040.0,0.0005231752202142,23203840.0,14.0,2.733715219130943,
1781415357,1,0.0009524881877762,112463872.0,0.0024987634000168,62427136.0,0.0003532962854635,32157696.0,0.0020067287176474,28643328.0,0.0023912570888468,55336960.0,0.0016618158943174,45223936.0,14675968.0,,19992576.0,0.0021717517147443,36868096.0,0.002169028978722,74711040.0,0.0002252163650669,38612992.0,,29233152.0,0.004727614728482,43712512.0,0.0017210624945524,17367040.0,0.0005231752202142,23203840.0,14.0,2.733715219130943,
1781415358,1,0.0010950760915943,112463872.0,0.0027512230919765,62427136.0,0.0003532962854635,32157696.0,0.0020067287176474,28643328.0,0.0023912570888468,55336960.0,0.0016618158943174,45223936.0,14675968.0,,19992576.0,0.0021717517147443,36868096.0,0.0025934723393215,74711040.0,0.0002252163650669,38612992.0,,29233152.0,0.004727614728482,43712512.0,0.0017210624945524,17367040.0,0.0005231752202142,23203840.0,14.0,2.733715219130943,
1781415358,1,0.0010950760915943,112463872.0,0.0027512230919765,62427136.0,0.0003532962854635,32157696.0,0.0020067287176474,28643328.0,0.0023912570888468,55336960.0,0.0016618158943174,45223936.0,14675968.0,,19992576.0,0.0021717517147443,36868096.0,0.0025934723393215,74711040.0,0.0002252163650669,38612992.0,,29233152.0,0.004727614728482,43712512.0,0.0017210624945524,17367040.0,0.0005231752202142,23203840.0,14.0,2.733715219130943,
1781415359,1,0.0010950760915943,112463872.0,0.0027512230919765,62427136.0,0.0003532962854635,32157696.0,0.0020067287176474,28643328.0,0.0019744875545661,55336960.0,0.0016618158943174,45223936.0,14675968.0,,19992576.0,0.0021717517147443,36868096.0,0.0025934723393215,74711040.0,0.0002252163650669,38612992.0,,29233152.0,0.004727614728482,43712512.0,0.0017210624945524,17367040.0,0.0005231752202142,23203840.0,14.0,2.733715219130943,
1781415359,1,0.0010950760915943,112463872.0,0.0027512230919765,62427136.0,0.0003532962854635,32157696.0,0.0020067287176474,28643328.0,0.0019931867563341,55336960.0,0.0016618158943174,45223936.0,14675968.0,,19992576.0,0.0021717517147443,36868096.0,0.0025934723393215,74711040.0,0.0002252163650669,38612992.0,,29233152.0,0.0045667134452139,43712512.0,0.0017210624945524,17367040.0,0.0005231752202142,23203840.0,14.0,2.733715219130943,
1781415360,1,0.0010950760915943,112463872.0,0.0027512230919765,62427136.0,0.0003532962854635,32157696.0,0.0020067287176474,28643328.0,0.0024024670365729,55336960.0,0.0016618158943174,45223936.0,14675968.0,,19992576.0,0.0021717517147443,36868096.0,0.0025934723393215,74711040.0,0.0002252163650669,38612992.0,,29233152.0,0.0046029568075978,43712512.0,0.0017210624945524,17367040.0,0.0005231752202142,23203840.0,14.0,2.733715219130943,
1781415377,1,0.0006959541060973,112459776.0,0.0019132151366069,62459904.0,0.0003008176955453,32161792.0,0.0015965417367264,28647424.0,0.0032593209213509,55476224.0,0.0017217948345486,45355008.0,14675968.0,,19992576.0,0.0020497823066234,36868096.0,0.0023329786695038,74964992.0,0.0002029261485585,38621184.0,,29233152.0,0.0037805121431806,43679744.0,0.0013024001910728,17367040.0,0.0004650507352308,23203840.0,14.0,2.6839485321901293,
1781415378,1,0.0007049408066386,112459776.0,0.0019132151366069,62459904.0,0.0003008176955453,32161792.0,0.0018837694896627,28647424.0,0.0023094861305086,55476224.0,0.0017217948345486,45355008.0,14675968.0,,19992576.0,0.0020497823066234,36868096.0,0.0023329786695038,74964992.0,0.0001999030827912,38621184.0,,29233152.0,0.0037222479844291,43679744.0,0.0012814879732183,17367040.0,0.0004650507352308,23203840.0,14.0,2.6839485321901435,
1781415379,1,0.000716220665249,112459776.0,0.0019132151366069,62459904.0,0.0001784493209424,32161792.0,0.0018837694896627,28647424.0,0.0027623229373757,55476224.0,0.0017217948345486,45355008.0,14675968.0,,19992576.0,0.0020497823066234,36868096.0,0.0023329786695038,74964992.0,0.0001974329676383,38621184.0,,29233152.0,0.0036693923129879,43679744.0,0.0012626492047262,17367040.0,0.0004397234443745,23203840.0,14.0,2.6839485321901435,
1781415379,1,0.0007259510927316,112459776.0,0.0015955496783625,62459904.0,0.0001506199999999,32161792.0,0.0015958510212468,28647424.0,0.0027623229373757,55476224.0,0.0017217948345486,45355008.0,14675968.0,,19992576.0,0.0020497823066234,36868096.0,0.0023329786695038,74964992.0,0.0001636549999998,38621184.0,,29233152.0,0.0036079322299167,43679744.0,0.0012398116410353,17367040.0,0.0004397234443745,23203840.0,14.0,2.6839485321901435,
1781415380,1,0.0007378042408593,112459776.0,0.0015718258106686,62459904.0,0.0001506199999999,32161792.0,0.0015739051066922,28647424.0,0.0027623229373757,55476224.0,0.0017217948345486,45355008.0,14675968.0,,19992576.0,0.0017355392913386,36868096.0,0.0023329786695038,74964992.0,0.0001636549999998,38621184.0,,29233152.0,0.0035260673992659,43679744.0,0.0012061678099529,17367040.0,0.0004397234443745,23203840.0,14.0,2.6839485321901435,
1781415381,1,0.0007541817278801,112459776.0,0.0015369096344255,62459904.0,0.0001506199999999,32161792.0,0.0015390239749753,28647424.0,0.0027623229373757,55476224.0,0.0017217948345486,45355008.0,14675968.0,,19992576.0,0.0021658929181816,36868096.0,0.0023329786695038,74964992.0,0.0001636549999998,38621184.0,,29233152.0,0.0034727200471601,43679744.0,0.0011891494675033,17367040.0,0.0004397234443745,23203840.0,14.0,2.842752689128276,
1781415382,1,0.0006312149999999,112459776.0,0.0015187022037088,62459904.0,0.0001506199999999,32161792.0,0.0015196211492318,28647424.0,0.0027623229373757,55476224.0,0.0017217948345486,45355008.0,14675968.0,,19992576.0,0.001801093378883,36868096.0,0.0023329786695038,74964992.0,0.0001636549999998,38621184.0,,29233152.0,0.0034124072189729,43679744.0,0.0011679774957101,17367040.0,0.0004397234443745,23203840.0,14.0,2.842752689128276,
1781415382,1,0.0006312149999999,112459776.0,0.0014970190988273,62459904.0,0.0001788681384457,32161792.0,0.0014998101734322,28647424.0,0.0027623229373757,55476224.0,0.0017217948345486,45355008.0,14675968.0,,19992576.0,0.0017793622532706,36868096.0,0.0023329786695038,74964992.0,0.0001636549999998,38621184.0,,29233152.0,0.0033619280040771,43679744.0,0.0011496034547942,17367040.0,0.0004397234443745,23203840.0,14.0,2.842752689128276,
1781415383,1,0.0006312149999999,112459776.0,0.0014675236988046,62459904.0,0.0001754698385286,32161792.0,0.0014701094078118,28647424.0,0.0027623229373757,55476224.0,0.0017217948345486,45355008.0,14675968.0,,19992576.0,0.0017456104219623,36868096.0,0.0023329786695038,74964992.0,0.0001636549999998,38621184.0,,29233152.0,0.001641863333333,43679744.0,0.0011230086891357,17367040.0,0.00036347539912,23203840.0,14.0,2.842752689128276,
1781415384,1,0.0006312149999999,112459776.0,0.0014443419087327,62459904.0,0.0001728173276744,32161792.0,0.0014481007009409,28647424.0,0.0027623229373757,55476224.0,0.0017217948345486,45355008.0,14675968.0,,19992576.0,0.0017212802248481,36868096.0,0.0023329786695038,74964992.0,0.0001636549999998,38621184.0,,29233152.0,0.001641863333333,43679744.0,0.0011029328139748,17367040.0,0.0003583452922689,23203840.0,14.0,2.842752689128276,
1781415385,1,0.0007515786835854,112459776.0,0.0027577313769751,62492672.0,0.0006203998937159,32387072.0,0.0020363835117285,28643328.0,0.0027623229373757,55476224.0,0.0018140422438512,45223936.0,14675968.0,,19992576.0,0.0021551597706768,36868096.0,0.0023329786695038,74964992.0,0.0010057783508534,38666240.0,,29233152.0,0.0264314255578857,52334592.0,0.0018179348604884,17375232.0,0.0006462188377808,23212032.0,14.0,2.842752689128276,
1781415385,1,0.0012054859511745,112345088.0,0.0027577313769751,62492672.0,0.0006203998937159,32387072.0,0.0020363835117285,28643328.0,0.0027623229373757,55476224.0,0.0018140422438512,45223936.0,14675968.0,,19992576.0,0.0021551597706768,36868096.0,0.0023329786695038,74964992.0,0.0010057783508534,38666240.0,,29233152.0,0.0311850696793397,52334592.0,0.0018179348604884,17375232.0,0.0006462188377808,23212032.0,14.0,2.842752689128276,
1781415386,1,0.0012054859511745,112345088.0,0.0027577313769751,62492672.0,0.0006203998937159,32387072.0,0.0020363835117285,28643328.0,0.0023170825185863,55476224.0,0.0018140422438512,45223936.0,14675968.0,,19992576.0,0.0021551597706768,36868096.0,0.0023329786695038,74964992.0,0.0010057783508534,38666240.0,,29233152.0,0.0311850696793397,52334592.0,0.0018179348604884,17375232.0,0.0006462188377808,23212032.0,14.0,2.842752689128276,
1781415387,1,0.0012054859511745,112345088.0,0.0027577313769751,62492672.0,0.0006203998937159,32387072.0,0.0020363835117285,28643328.0,0.0022751872873695,55476224.0,0.0018140422438512,45223936.0,14675968.0,,19992576.0,0.0021551597706768,36868096.0,0.0023329786695038,74964992.0,0.0010057783508534,38666240.0,,29233152.0,0.0311850696793397,52334592.0,0.0018179348604884,17375232.0,0.0006462188377808,23212032.0,14.0,2.842752689128276,
1781415387,1,0.0012054859511745,112345088.0,0.0027577313769751,62492672.0,0.0006203998937159,32387072.0,0.0020363835117285,28643328.0,0.0022451700447833,55476224.0,0.0018140422438512,45223936.0,14675968.0,,19992576.0,0.0021551597706768,36868096.0,0.0023329786695038,74964992.0,0.0010057783508534,38666240.0,,29233152.0,0.0264236292904659,52334592.0,0.0018179348604884,17375232.0,0.0006462188377808,23212032.0,14.0,2.842752689128276,
1781415388,1,0.0012054859511745,112345088.0,0.0027577313769751,62492672.0,0.0006203998937159,32387072.0,0.0020363835117285,28643328.0,0.0022147384537566,55476224.0,0.0018140422438512,45223936.0,14675968.0,,19992576.0,0.0021551597706768,36868096.0,0.0023329786695038,74964992.0,0.0010057783508534,38666240.0,,29233152.0,0.026085271284445,52334592.0,0.0018179348604884,17375232.0,0.0006462188377808,23212032.0,14.0,2.842752689128276,
1781415389,1,0.0012054859511745,112345088.0,0.0027577313769751,62492672.0,0.0006203998937159,32387072.0,0.0020363835117285,28643328.0,0.002185503869336,55476224.0,0.0018140422438512,45223936.0,14675968.0,,19992576.0,0.0021551597706768,36868096.0,0.0023329786695038,74964992.0,0.0010057783508534,38666240.0,,29233152.0,0.025724044227326,52334592.0,0.0018179348604884,17375232.0,0.0006462188377808,23212032.0,14.0,2.842752689128276,
1781415389,1,0.0012054859511745,112345088.0,0.0027117814883263,62492672.0,0.0006203998937159,32387072.0,0.0020363835117285,28643328.0,0.0021489491291314,55476224.0,0.0018140422438512,45223936.0,14675968.0,,19992576.0,0.0021551597706768,36868096.0,0.0026096542280041,74964992.0,0.0010057783508534,38666240.0,,29233152.0,0.0253056445424615,52334592.0,0.0018179348604884,17375232.0,0.0006462188377808,23212032.0,14.0,2.842752689128276,
1781415390,1,0.0012054859511745,112345088.0,0.0026738754799025,62492672.0,0.0006203998937159,32387072.0,0.0020363835117285,28643328.0,0.0021153408667267,55476224.0,0.0018140422438512,45223936.0,14675968.0,,19992576.0,0.0021551597706768,36868096.0,0.0026096542280041,74964992.0,0.0010057783508534,38666240.0,,29233152.0,0.0249511742504397,52334592.0,0.0018179348604884,17375232.0,0.0006462188377808,23212032.0,14.0,2.842752689128276,
1781415391,1,0.0012054859511745,112345088.0,0.0026429339695202,62492672.0,0.0006203998937159,32387072.0,0.0020363835117285,28643328.0,0.0020916309281809,55476224.0,0.0018140422438512,45223936.0,14675968.0,,19992576.0,0.0021551597706768,36868096.0,0.0026096542280041,74964992.0,0.0010057783508534,38666240.0,,29233152.0,0.0247271614999098,52334592.0,0.0018179348604884,17375232.0,0.0006462188377808,23212032.0,14.0,2.842752689128276,
1781415391,1,0.0012054859511745,112345088.0,0.0026182658237858,62492672.0,0.0006203998937159,32387072.0,0.0020363835117285,28643328.0,0.0020706372738568,55476224.0,0.0018140422438512,45223936.0,14675968.0,,19992576.0,0.0021551597706768,36868096.0,0.0026096542280041,74964992.0,0.0010057783508534,38666240.0,,29233152.0,0.0245244585469941,52334592.0,0.0018179348604884,17375232.0,0.0006462188377808,23212032.0,14.0,2.842752689128276,
1781415392,1,0.0012054859511745,112345088.0,0.0026004026837712,62492672.0,0.0006203998937159,32387072.0,0.0020363835117285,28643328.0,0.0020542014523794,55476224.0,0.0018140422438512,45223936.0,14675968.0,,19992576.0,0.0021551597706768,36868096.0,0.0026096542280041,74964992.0,0.0010057783508534,38666240.0,,29233152.0,0.0243201963405944,52334592.0,0.0018179348604884,17375232.0,0.0006462188377808,23212032.0,14.0,2.842752689128276,
1781415392,1,0.0012054859511745,112345088.0,0.0025820079026848,62492672.0,0.0006203998937159,32387072.0,0.0020363835117285,28643328.0,0.0020396992569582,55476224.0,0.0018140422438512,45223936.0,14675968.0,,19992576.0,0.0019745844758132,36868096.0,0.0026096542280041,74964992.0,0.0010057783508534,38666240.0,,29233152.0,0.024150237710842,52334592.0,0.0018179348604884,17375232.0,0.0006462188377808,23212032.0,14.0,2.842752689128276,
1781415392,1,0.0012054859511745,112345088.0,0.0025598384699882,62492672.0,0.0006203998937159,32387072.0,0.0020363835117285,28643328.0,0.0020176927508904,55476224.0,0.0018140422438512,45223936.0,14675968.0,,19992576.0,0.0019745844758132,36868096.0,0.0026096542280041,74964992.0,0.0010057783508534,38666240.0,,29233152.0,0.0239028361580526,52334592.0,0.0018179348604884,17375232.0,0.0006462188377808,23212032.0,14.0,2.842752689128276,
1781415393,1,0.0012054859511745,112345088.0,0.002522676759065,62492672.0,0.0006203998937159,32387072.0,0.0020363835117285,28643328.0,0.00198477506922,55476224.0,0.0018140422438512,45223936.0,14675968.0,,19992576.0,0.0016748836895613,36868096.0,0.0026096542280041,74964992.0,0.0010057783508534,38666240.0,,29233152.0,0.0235166610451901,52334592.0,0.0018179348604884,17375232.0,0.0006462188377808,23212032.0,14.0,2.842752689128276,
1781415394,1,0.0012054859511745,112345088.0,0.002494978259221,62492672.0,0.0006203998937159,32387072.0,0.0020363835117285,28643328.0,0.001961709672693,55476224.0,0.0018140422438512,45223936.0,14675968.0,,19992576.0,0.0016592844722024,36868096.0,0.0026096542280041,74964992.0,0.0010057783508534,38666240.0,,29233152.0,0.0232786150133045,52334592.0,0.0018179348604884,17375232.0,0.0006610862308945,23212032.0,14.0,2.842752689128276,
1781415411,1,0.0017366434290237,112357376.0,0.0043033731400125,62504960.0,0.000602412396,32391168.0,0.0015414486522546,28774400.0,0.003808827328379,55328768.0,0.0019002559124603,45223936.0,14675968.0,,19992576.0,0.0015175449773276,36868096.0,0.0022525219061282,74981376.0,0.0012952244798637,38686720.0,,29233152.0,0.1004416537834429,52330496.0,0.0018718262419052,17235968.0,0.0006075595241989,23212032.0,14.0,4.143515946216482,
1781415412,1,0.0017366434290237,112357376.0,0.0043033731400125,62504960.0,0.0005939702509565,32391168.0,0.0015165494759842,28774400.0,0.0039014470612216,55328768.0,0.0019002559124603,45223936.0,14675968.0,,19992576.0,0.0014931531032083,36868096.0,0.0022124440863816,74981376.0,0.0010725538047005,38686720.0,,29233152.0,0.0988963636574182,52330496.0,0.0018718262419052,17235968.0,0.0006796418041784,23212032.0,14.0,4.143515946216482,
1781415413,1,0.0017366434290237,112357376.0,0.0043033731400125,62504960.0,0.0007576242347884,32391168.0,0.0014906669754041,28774400.0,0.0038349831867489,55328768.0,0.0019002559124603,45223936.0,14675968.0,,19992576.0,0.0014695376282652,36868096.0,0.002174327747231,74981376.0,0.0010566225435981,38686720.0,,29233152.0,0.0970931577756945,52330496.0,0.0018718262419052,17235968.0,0.0006676601371767,23212032.0,14.0,4.143515946216482,
1781415414,1,0.0017366434290237,112357376.0,0.0043033731400125,62504960.0,0.0007449552984708,32391168.0,0.0014619047393456,28774400.0,0.0037659630094119,55328768.0,0.0019482502322701,45223936.0,14675968.0,,19992576.0,0.0014456957035624,36868096.0,0.0021338258235718,74981376.0,0.0010398493865839,38686720.0,,29233152.0,0.0955258235679861,52330496.0,0.0011961297101746,17235968.0,0.0006588294051766,23212032.0,14.0,4.143515946216482,
1781415414,1,0.0017366434290237,112357376.0,0.0043033731400125,62504960.0,0.0007352991888636,32391168.0,0.0014386210244411,28774400.0,0.0037044354439186,55328768.0,0.001660339436487,45223936.0,14675968.0,,19992576.0,0.0014213361794087,36868096.0,0.002094914289585,74981376.0,0.0010229682941963,38711296.0,,29233152.0,0.1187242391896799,43753472.0,0.0012212437388569,17235968.0,0.0009602048233985,23212032.0,14.0,4.143515946216482,
1781415415,1,0.0017844909280018,112496640.0,0.0047046494261908,62545920.0,0.0011091508406918,32391168.0,0.0021013616962048,28835840.0,0.0055413015404483,55328768.0,0.0021373751719853,45223936.0,14675968.0,,19992576.0,0.0190112824386775,133160960.0,0.0038036192714454,75014144.0,0.0010617398901073,38711296.0,,29233152.0,0.1187242391896799,43753472.0,0.0012411165789445,17235968.0,0.0009602048233985,23212032.0,14.0,4.143515946216482,
1781415416,1,0.0017844909280018,112496640.0,0.0047046494261908,62545920.0,0.0011091508406918,32391168.0,0.0021013616962048,28835840.0,0.0055413015404483,55328768.0,0.0021373751719853,45223936.0,14675968.0,,19992576.0,0.0190112824386775,133160960.0,0.0038036192714454,75014144.0,0.0010617398901073,38711296.0,,29233152.0,0.1290159500564747,43753472.0,0.0012638283961876,17235968.0,0.0009602048233985,23212032.0,14.0,4.143515946216482,
1781415416,1,0.0017844909280018,112496640.0,0.0047046494261908,62545920.0,0.0011091508406918,32391168.0,0.0021013616962048,28835840.0,0.0055413015404483,55328768.0,0.0021373751719853,45223936.0,14675968.0,,19992576.0,0.0190112824386775,133160960.0,0.0038036192714454,75014144.0,0.0010617398901073,38711296.0,,29233152.0,0.1267448741886481,43753472.0,0.0009869033333333,17235968.0,0.0009602048233985,23212032.0,14.0,4.143515946216482,
1781415417,1,0.0017844909280018,112496640.0,0.0047046494261908,62545920.0,0.0011091508406918,32391168.0,0.0021013616962048,28835840.0,0.0055413015404483,55328768.0,0.0021373751719853,45223936.0,14675968.0,,19992576.0,0.0190112824386775,133160960.0,0.0038036192714454,75014144.0,0.0010617398901073,38711296.0,,29233152.0,0.1250873961730034,43753472.0,0.0009869033333333,17235968.0,0.0009602048233985,23212032.0,14.0,4.143515946216482,
1781415418,1,0.0017844909280018,112496640.0,0.0047046494261908,62545920.0,0.0011091508406918,32391168.0,0.0021013616962048,28835840.0,0.0055413015404483,55328768.0,0.0021373751719853,45223936.0,14675968.0,,19992576.0,0.0190112824386775,133160960.0,0.0038036192714454,75014144.0,0.0010617398901073,38711296.0,,29233152.0,0.12354958246878,43753472.0,0.0009869033333333,17235968.0,0.0009602048233985,23212032.0,14.0,4.143515946216482,
1781415419,1,0.0017844909280018,112496640.0,0.0047046494261908,62545920.0,0.0011091508406918,32391168.0,0.0021013616962048,28835840.0,0.0055413015404483,55328768.0,0.0021373751719853,45223936.0,14675968.0,,19992576.0,0.0190112824386775,133160960.0,0.0038036192714454,75014144.0,0.0010617398901073,38711296.0,,29233152.0,0.121930295190823,43753472.0,0.0009869033333333,17235968.0,0.0009602048233985,23212032.0,14.0,4.143515946216482,
1781415419,1,0.0017844909280018,112496640.0,0.0047046494261908,62545920.0,0.0011091508406918,32391168.0,0.0021013616962048,28835840.0,0.0055413015404483,55328768.0,0.0021373751719853,45223936.0,14675968.0,,19992576.0,0.0190112824386775,133160960.0,0.0038036192714454,75014144.0,0.0010617398901073,38711296.0,,29233152.0,0.1199851136179312,43753472.0,0.0009869033333333,17235968.0,0.0009602048233985,23212032.0,14.0,4.143515946216482,
1781415420,1,0.0017844909280018,112496640.0,0.0047046494261908,62545920.0,0.0011091508406918,32391168.0,0.0021013616962048,28835840.0,0.0055413015404483,55328768.0,0.0021373751719853,45223936.0,14675968.0,,19992576.0,0.0190112824386775,133160960.0,0.0038036192714454,75014144.0,0.0010617398901073,38711296.0,,29233152.0,0.1183098132580322,43753472.0,0.0009869033333333,17235968.0,0.0009602048233985,23212032.0,14.0,4.143515946216482,
1781415421,1,0.0017844909280018,112496640.0,0.0047046494261908,62545920.0,0.0011091508406918,32391168.0,0.0021013616962048,28835840.0,0.0055413015404483,55328768.0,0.0021373751719853,45223936.0,14675968.0,,19992576.0,0.0190112824386775,133160960.0,0.0038036192714454,75014144.0,0.0008982054035335,38711296.0,,29233152.0,0.1165301248817869,43753472.0,0.0009869033333333,17235968.0,0.0009602048233985,23212032.0,14.0,4.143515946216482,
1781415421,1,0.0017844909280018,112496640.0,0.0046026653301462,62545920.0,0.0011091508406918,32391168.0,0.0021013616962048,28835840.0,0.0055413015404483,55328768.0,0.0021373751719853,45223936.0,14675968.0,,19992576.0,0.0190112824386775,133160960.0,0.0038036192714454,75014144.0,0.0001676824999998,38711296.0,,29233152.0,0.1150814228988348,43753472.0,0.0009869033333333,17235968.0,0.0009602048233985,23212032.0,14.0,4.143515946216482,
1781415422,1,0.0017844909280018,112496640.0,0.0046026653301462,62545920.0,0.0011091508406918,32391168.0,0.00179577700865,28835840.0,0.0055413015404483,55328768.0,0.0021373751719853,45223936.0,14675968.0,,19992576.0,0.0190112824386775,133160960.0,0.0038036192714454,75014144.0,0.0001676824999998,38711296.0,,29233152.0,0.1133144647684854,43753472.0,0.0009869033333333,17235968.0,0.0009602048233985,23212032.0,14.0,4.143515946216482,
1781415423,1,0.0017844909280018,112496640.0,0.0046026653301462,62545920.0,0.0011091508406918,32391168.0,0.0017671984895817,28835840.0,0.0055413015404483,55328768.0,0.0021373751719853,45223936.0,14675968.0,,19992576.0,0.0190112824386775,133160960.0,0.0038036192714454,75014144.0,0.0001676824999998,38711296.0,,29233152.0,0.1114125660316397,43753472.0,0.0009869033333333,17235968.0,0.0009602048233985,23212032.0,14.0,4.143515946216482,
1781415423,1,0.0017844909280018,112496640.0,0.0046026653301462,62545920.0,0.0011091508406918,32391168.0,0.0016340339746079,28835840.0,0.0055413015404483,55328768.0,0.0021373751719853,45223936.0,14675968.0,,,0.0190112824386775,133160960.0,0.0038036192714454,75014144.0,0.0001676824999998,38711296.0,,29233152.0,0.1090574705409002,43753472.0,0.0009869033333333,17235968.0,0.0009602048233985,23212032.0,14.0,4.143515946216482,
1781415424,1,0.0017844909280018,112496640.0,0.0046026653301462,62545920.0,0.0008683641201896,32391168.0,0.0016093373334274,28835840.0,0.0055413015404483,55328768.0,0.0021373751719853,45223936.0,14675968.0,,,0.025736287942337,133160960.0,0.0038036192714454,75014144.0,0.0001676824999998,38711296.0,,29233152.0,0.1072675979679383,43753472.0,0.0009869033333333,17235968.0,0.0009602048233985,23212032.0,14.0,4.143515946216482,
1781415425,1,0.0017844909280018,112496640.0,0.0046026653301462,62545920.0,0.0010393554072768,32391168.0,0.0015864212244549,28835840.0,0.0055413015404483,55328768.0,0.0021373751719853,45223936.0,14675968.0,,,0.025736287942337,133160960.0,0.0038036192714454,75014144.0,0.0001676824999998,38711296.0,,29233152.0,0.1054930016900514,43753472.0,0.0009869033333333,17235968.0,0.0008919513081394,23212032.0,14.0,4.143515946216482,
1781415426,1,0.0015097635927167,112496640.0,0.0046026653301462,62545920.0,0.0010393554072768,32391168.0,0.0015486343742641,28835840.0,0.0055413015404483,55328768.0,0.0021373751719853,45223936.0,14675968.0,,,0.025736287942337,133160960.0,0.0038036192714454,75014144.0,0.0001676824999998,38711296.0,,29233152.0,0.1025192162487717,43753472.0,0.0012704110794819,17235968.0,0.0008919513081394,23212032.0,14.0,5.588165029556791,
1781415427,1,0.0012528099999999,112496640.0,0.0046026653301462,62545920.0,0.0010393554072768,32391168.0,0.0015273998790435,28835840.0,0.0055413015404483,55328768.0,0.0021373751719853,45223936.0,14675968.0,,,0.0214064791996381,133160960.0,0.0038036192714454,75014144.0,0.0001676824999998,38711296.0,,29233152.0,0.1008642842823062,43753472.0,0.0012507254247012,17235968.0,0.0008919513081394,23212032.0,14.0,5.588165029556791,
1781415427,1,0.0012528099999999,112496640.0,0.0046026653301462,62545920.0,0.0010393554072768,32391168.0,0.001504187014703,28835840.0,0.0055413015404483,55328768.0,0.0021373751719853,45223936.0,14675968.0,,,0.0211302430423903,133160960.0,0.0038036192714454,75014144.0,0.0001676824999998,38711296.0,,29233152.0,0.0991889839224072,43753472.0,0.0012297294727719,17235968.0,0.0008919513081394,23212032.0,14.0,5.588165029556791,
1781415428,1,0.001492942741816,112496640.0,0.0046026653301462,62545920.0,0.0010393554072768,32391168.0,0.0014813368513678,28835840.0,0.0057345834351331,55328768.0,0.0021373751719853,45223936.0,14675968.0,,,0.0208076815668464,133160960.0,0.0038036192714454,75014144.0,0.0001676824999998,38711296.0,,29233152.0,0.0973609206117576,43753472.0,0.0012076728041031,17235968.0,0.0008919513081394,23212032.0,14.0,5.588165029556791,
1781415429,1,0.0014605291517305,112496640.0,0.0046026653301462,62545920.0,0.0010393554072768,32391168.0,0.0014461548538517,28835840.0,0.0057345834351331,55328768.0,0.002194362671473,45223936.0,14675968.0,,,0.0439969065584608,134049792.0,0.0040254596177988,74993664.0,0.0004027831616541,38580224.0,,29233152.0,0.0785422432316283,44195840.0,0.002039057495806,17367040.0,0.0008919513081394,23212032.0,14.0,5.588165029556791,
1781415430,1,0.0017145405631877,112369664.0,0.0045195801657944,62492672.0,0.0011014546844436,32399360.0,0.0019492756474898,28684288.0,0.0055580049365902,55427072.0,0.002194362671473,45223936.0,14675968.0,,,0.0439969065584608,134049792.0,0.0040254596177988,74993664.0,0.0004027831616541,38580224.0,,29233152.0,0.0785422432316283,44195840.0,0.002039057495806,17367040.0,0.0007435603421753,23212032.0,14.0,5.588165029556791,
1781415448,1,0.0015738362799709153,112369664.0,0.004376922890983794,62607360.0,0.001036365957990154,32395264.0,0.0019141391895292931,28688384.0,0.002940834999999975,55328768.0,0.002049915725797206,45223936.0,14675968.0,,,0.05535515334544041,29380608.0,0.0018757574999998638,75001856.0,0.00043842286667692516,38596608.0,,29233152.0,0.02099251123883276,44191744.0,0.001977367383402207,17367040.0,0.001086666849902443,23212032.0,14.0,5.45756845052837,
1781415449,1,0.0015738362799709153,112369664.0,0.004376922890983794,62607360.0,0.001036365957990154,32395264.0,0.0019141391895292931,28688384.0,0.002940834999999975,55328768.0,0.002049915725797206,45223936.0,14675968.0,,,0.05535515334544041,29380608.0,0.0018757574999998638,75001856.0,0.00043842286667692516,38596608.0,,29233152.0,0.006870264353868259,44191744.0,0.001977367383402207,17367040.0,0.001086666849902443,23212032.0,14.0,5.45756845052837,
1781415449,1,0.001573836279970915,112369664.0,0.004376922890983794,62607360.0,0.001036365957990154,32395264.0,0.0018128902911983087,28688384.0,0.002940834999999975,55328768.0,0.002049915725797206,45223936.0,14675968.0,,,0.05535515334544041,29380608.0,0.0018757574999998638,75001856.0,0.00043842286667692516,38596608.0,,29233152.0,0.006870264353868259,44191744.0,0.0019773673834022074,17367040.0,0.001086666849902443,23212032.0,14.0,5.45756845052837,
1781415450,1,0.0015738362799709153,112369664.0,0.004376922890983794,62607360.0,0.001036365957990154,32395264.0,0.0018128902911983087,28688384.0,0.002940834999999975,55328768.0,0.002049915725797206,45223936.0,14675968.0,,,0.05535515334544041,29380608.0,0.0018757574999998638,75001856.0,0.00043842286667692516,38596608.0,,29233152.0,0.006870264353868259,44191744.0,0.0016376391888721794,17367040.0,0.001086666849902443,23212032.0,14.0,5.45756845052837,
1781415451,1,0.0015738362799709153,112369664.0,0.004376922890983794,62607360.0,0.001036365957990154,32395264.0,0.0018128902911983087,28688384.0,0.002940834999999975,55328768.0,0.002049915725797206,45223936.0,14675968.0,,,0.05535515334544041,29380608.0,0.0018757574999998638,75001856.0,0.00043842286667692516,38596608.0,,29233152.0,0.006870264353868259,44191744.0,0.0016169427435925698,17367040.0,0.001086666849902443,23212032.0,14.0,5.45756845052837,
1781415451,1,0.0015738362799709153,112369664.0,0.004376922890983794,62607360.0,0.001036365957990154,32395264.0,0.0018128902911983087,28688384.0,0.002940834999999975,55328768.0,0.002049915725797206,45223936.0,14675968.0,,,0.05535515334544041,29380608.0,0.0018757574999998638,75001856.0,0.00043842286667692516,38596608.0,,29233152.0,0.006870264353868259,44191744.0,0.0015951917023751458,17367040.0,0.001086666849902443,23212032.0,14.0,5.45756845052837,
1781415452,1,0.0015738362799709153,112369664.0,0.004376922890983794,62607360.0,0.001036365957990154,32395264.0,0.0018128902911983087,28688384.0,0.002940834999999975,55328768.0,0.002049915725797206,45223936.0,14675968.0,,,0.06032488950625067,29380608.0,0.0018757574999998638,75001856.0,0.00043842286667692516,38596608.0,,29233152.0,0.006870264353868259,44191744.0,0.0015728474509427005,17367040.0,0.0008781309536276228,23212032.0,14.0,5.45756845052837,
1781415453,1,0.0015738362799709153,112369664.0,0.004376922890983794,62607360.0,0.001036365957990154,32395264.0,0.0018128902911983087,28688384.0,0.002940834999999975,55328768.0,0.002049915725797206,45223936.0,14675968.0,,,0.06032488950625067,29380608.0,0.0018757574999998638,75001856.0,0.00043842286667692516,38596608.0,,29233152.0,0.006870264353868259,44191744.0,0.0015480644464040594,17367040.0,0.0008648192847163179,23212032.0,14.0,5.45756845052837,
1781415453,1,0.0015738362799709153,112369664.0,0.004376922890983794,62607360.0,0.001036365957990154,32395264.0,0.0015363791995332864,28688384.0,0.002940834999999975,55328768.0,0.002049915725797206,45223936.0,14675968.0,,,0.06032488950625067,29380608.0,0.0018757574999998638,75001856.0,0.00043842286667692516,38596608.0,,29233152.0,0.006870264353868259,44191744.0,0.001526247492940522,17367040.0,0.0008522139492574497,23212032.0,14.0,5.45756845052837,
1781415454,1,0.0015738362799709153,112369664.0,0.004376922890983794,62607360.0,0.001036365957990154,32395264.0,0.0015137482857314941,28688384.0,0.002940834999999975,55328768.0,0.002049915725797206,45223936.0,14675968.0,,,0.06032488950625067,29380608.0,0.0018757574999998638,75001856.0,0.0004686487260234992,38596608.0,,29233152.0,0.006870264353868259,44191744.0,0.001504364627230871,17367040.0,0.0008402062805660274,23212032.0,14.0,5.45756845052837,
1781415455,1,0.0015738362799709153,112369664.0,0.004376922890983794,62607360.0,0.0010363659579901538,32395264.0,0.0014951359454085248,28688384.0,0.002940834999999975,55328768.0,0.002049915725797206,45223936.0,14675968.0,,,0.06032488950625067,29380608.0,0.0018757574999998638,75001856.0,0.00046864872602349914,38596608.0,,29233152.0,0.006870264353868259,44191744.0,0.0014810976043528382,17367040.0,0.0008280175007329552,23212032.0,14.0,5.45756845052837,
1781415455,1,0.0015738362799709153,112369664.0,0.0037213327906292708,62607360.0,0.001036365957990154,32395264.0,0.0014724748167685461,28688384.0,0.002940834999999975,55328768.0,0.002049915725797206,45223936.0,14675968.0,,,0.06032488950625067,29380608.0,0.0018757574999998638,75001856.0,0.0004686487260234992,38596608.0,,29233152.0,0.006870264353868259,44191744.0,0.001454238364061625,17367040.0,0.0007349853331107693,23212032.0,14.0,5.45756845052837,
1781415456,1,0.0013468541142595543,112369664.0,0.0036633385623237365,62607360.0,0.0006285488724662405,32395264.0,0.001448846813306595,28688384.0,0.002940834999999975,55328768.0,0.002049915725797206,45223936.0,14675968.0,,,0.060324889506250666,29380608.0,0.0018757574999998638,75001856.0,0.0004686487260234992,38596608.0,,29233152.0,0.006870264353868259,44191744.0,0.0014325861912133709,17367040.0,0.0007240427435819186,23212032.0,14.0,4.525656125691228,
1781415457,1,0.0013288074582492213,112369664.0,0.0036124933080734748,62607360.0,0.0006373419045608353,32395264.0,0.0014278475007668812,28688384.0,0.002940834999999975,55328768.0,0.002049915725797206,45223936.0,14675968.0,,,0.06032488950625067,29380608.0,0.0018757574999998638,75001856.0,0.0004686487260234992,38596608.0,,29233152.0,0.006870264353868259,44191744.0,0.001410637413257606,17367040.0,0.0007133745257669179,23212032.0,14.0,4.525656125691228,
1781415457,1,0.0013123084079141928,112369664.0,0.0035655143357102483,62607360.0,0.0006453958122184933,32395264.0,0.0014082985004601261,28688384.0,0.002940834999999975,55328768.0,0.002049915725797206,45223936.0,14675968.0,,,0.06032488950625067,29380608.0,0.0018757574999998638,75001856.0,0.0004686487260234992,38596608.0,,29233152.0,0.006870264353868259,44191744.0,0.0013861839699495324,17367040.0,0.0007014635654833016,23212032.0,14.0,4.525656125691228,
1781415458,1,0.0012924256095772268,112369664.0,0.0029348948785314797,62607360.0,0.0005431800000000209,32395264.0,0.0013847007118363613,28688384.0,0.002940834999999975,55328768.0,0.0017974221896741125,45223936.0,14675968.0,,,0.05030090369996201,29380608.0,0.0018757574999998638,75001856.0,0.0004686487260234992,38596608.0,,29233152.0,0.006870264353868259,44191744.0,0.001359819071504169,17367040.0,0.0006887456295707138,23212032.0,14.0,4.525656125691228,
1781415459,1,0.0012713362034256167,112369664.0,0.0028868156485152064,62607360.0,0.0006425667497184931,32395264.0,0.0013619489386818226,28688384.0,0.002940834999999975,55328768.0,0.0017974221896741125,45223936.0,14675968.0,,,0.049615210789240964,29380608.0,0.0018757574999998638,75001856.0,0.0003820775901088082,38596608.0,,29233152.0,0.006870264353868259,44191744.0,0.0013382328109020289,17367040.0,0.0006778837376047604,23212032.0,14.0,4.525656125691228,
1781415460,1,0.001177518280619062,112369664.0,0.0028477169100013374,62607360.0,0.0006343981503378622,32395264.0,0.0013426718719187472,28684288.0,0.006151598173515992,55488512.0,0.0018668092462488968,45223936.0,14675968.0,,,0.04185230982251501,12275712.0,0.00412933203764335,75010048.0,0.0005050442174815756,38633472.0,,29233152.0,0.004194326405038746,44195840.0,0.0015968395127301418,17371136.0,0.0009712459772906753,23212032.0,14.0,4.525656125691228,
1781415460,1,0.001670131031075768,112369664.0,0.0042297400240292335,62640128.0,0.000796696340257138,32407552.0,0.0018332903806426912,28684288.0,0.006151598173515992,55488512.0,0.0018668092462488968,45223936.0,14675968.0,,,0.04185230982251502,12275712.0,0.00412933203764335,75010048.0,0.0005050442174815756,38633472.0,,29233152.0,0.004256272686530994,44195840.0,0.0018793256494065665,17371136.0,0.0009712459772906755,23212032.0,14.0,4.525656125691228,
1781415461,1,0.001670131031075768,112369664.0,0.0042297400240292335,62640128.0,0.000796696340257138,32407552.0,0.0018332903806426912,28684288.0,0.006151598173515992,55488512.0,0.0018668092462488968,45223936.0,14675968.0,,,0.04185230982251501,12275712.0,0.00412933203764335,75010048.0,0.0005050442174815756,38633472.0,,29233152.0,0.00433657759326549,44195840.0,0.0018793256494065665,17371136.0,0.0009712459772906753,23212032.0,14.0,4.525656125691228,
1781415462,1,0.001670131031075768,112369664.0,0.0042297400240292335,62640128.0,0.0007966963402571381,32407552.0,0.0018332903806426912,28684288.0,0.0053592723287671324,55488512.0,0.0018668092462488968,45223936.0,14675968.0,,,0.04185230982251502,12275712.0,0.00412933203764335,75010048.0,0.0005050442174815756,38633472.0,,29233152.0,0.004414066759932157,44195840.0,0.0015871296635415412,17371136.0,0.0009712459772906753,23212032.0,14.0,4.525656125691228,
1781415462,1,0.001670131031075768,112369664.0,0.0042297400240292335,62640128.0,0.000796696340257138,32407552.0,0.0018332903806426912,28684288.0,0.005299499299847801,55488512.0,0.0018668092462488968,45223936.0,14675968.0,,,0.04185230982251501,12275712.0,0.00412933203764335,75010048.0,0.0005050442174815756,38633472.0,,29233152.0,0.004472972042151148,44195840.0,0.001570779530391704,17371136.0,0.0009712459772906753,23212032.0,14.0,4.525656125691228,
1781415463,1,0.001670131031075768,112369664.0,0.0042297400240292335,62640128.0,0.0007966963402571381,32407552.0,0.0018332903806426912,28684288.0,0.005239931324200922,55488512.0,0.0018668092462488972,45223936.0,14675968.0,,,0.04185230982251501,12275712.0,0.00412933203764335,75010048.0,0.0005050442174815756,38633472.0,,29233152.0,0.004539761396560063,44195840.0,0.0015521742064625792,17371136.0,0.0009712459772906753,23212032.0,14.0,4.525656125691228,
1781415463,1,0.001670131031075768,112369664.0,0.0042297400240292335,62640128.0,0.0007966963402571381,32407552.0,0.0018332903806426912,28684288.0,0.0051801582952815915,55488512.0,0.0018668092462488968,45223936.0,14675968.0,,,0.04185230982251501,12275712.0,0.00412933203764335,75010048.0,0.0005050442174815756,38633472.0,,29233152.0,0.004625585153827505,44195840.0,0.0015278056172086075,17371136.0,0.0008003633413028584,23212032.0,14.0,4.525656125691228,
