timestamp_sec,avg_latency_ms,median_latency_ms,max_latency_ms,min_latency_ms,p90_latency_ms,p99_latency_ms,throughput_req_per_sec,avg_connect_ms,avg_bytes,avg_sent_bytes,avg_threads,all_threads,error_rate,label
1.5261999368667605,34.1,15.5,184,11,44.49999999999994,170.05,3.333333333333333,2.3,10821.6,231.6,1.5,1.5,0.0,0
1.9625499963760376,24.2,19.5,94,7,34.500000000000064,90.38999999999996,6.666666666666667,1.15,11153.85,241.1,2.85,2.85,0.0,0
2.764954458583485,25.90909090909091,17.0,184,9,29.0,152.70999999999987,4.4,1.0909090909090908,11249.045454545454,250.77272727272728,2.136363636363636,2.136363636363636,0.0,0
2.882194459438324,38.77777777777778,20.5,193,6,92.0,190.9,7.2,0.6944444444444444,11301.527777777776,257.4166666666667,3.75,3.75,0.0,0
2.882194459438324,38.77777777777778,20.5,193,6,92.0,190.9,7.2,0.6944444444444444,11301.527777777776,257.4166666666667,3.75,3.75,0.0,0
2.882194459438324,38.77777777777778,20.5,193,6,92.0,190.9,7.2,0.6944444444444444,11301.527777777776,257.4166666666667,3.75,3.75,0.0,0
4.4464998960495,20.5,17.5,56,7,35.400000000000006,52.76999999999998,6.666666666666667,0.05,11544.45,257.15,3.2,3.2,0.0,0
4.86988890171051,37.16666666666666,21.0,193,6,72.0,190.9,12.0,0.0833333333333333,11231.138888888889,259.6388888888889,5.638888888888889,5.638888888888889,0.0,0
6.335442932346199,31.55696202531645,16.0,401,6,52.80000000000001,292.5799999999998,7.9,0.3164556962025316,11130.784810126584,264.27848101265823,3.962025316455696,3.962025316455696,0.0,0
6.431342471135806,24.28767123287671,17.0,193,5,43.0,179.80000000000018,14.6,0.1917808219178082,11217.198630136989,260.6917808219178,7.260273972602739,7.260273972602739,0.0,0
6.431342471135806,24.28767123287671,17.0,193,5,43.0,179.80000000000018,14.6,0.1917808219178082,11217.198630136989,260.6917808219178,7.260273972602739,7.260273972602739,0.0,0
6.431342471135806,24.28767123287671,17.0,193,5,43.0,179.80000000000018,14.6,0.1917808219178082,11217.198630136989,260.6917808219178,7.260273972602739,7.260273972602739,0.0,0
7.519621213277181,20.12121212121212,15.0,78,5,43.0,75.39999999999998,22.0,0.0151515151515151,11207.257575757576,262.8030303030303,8.348484848484848,8.348484848484848,0.0,0
7.592881820418618,19.545454545454547,16.0,78,5,35.10000000000001,73.72999999999999,22.0,0.0272727272727272,11189.6,261.76363636363635,8.409090909090908,8.409090909090908,0.0,0
7.592881820418618,19.545454545454547,16.0,78,5,35.10000000000001,73.72999999999999,22.0,0.0272727272727272,11189.6,261.76363636363635,8.409090909090908,8.409090909090908,0.0,0
7.592881820418618,19.545454545454547,16.0,78,5,35.10000000000001,73.72999999999999,22.0,0.0272727272727272,11189.6,261.76363636363635,8.409090909090908,8.409090909090908,0.0,0
7.683657777936835,21.710526315789476,15.0,116,6,37.30000000000009,111.19000000000004,12.666666666666666,0.0263157894736842,11183.473684210529,278.44736842105266,4.7105263157894735,4.7105263157894735,0.0,0
7.713526202921281,33.73684210526316,15.0,401,6,60.399999999999984,323.1599999999997,11.4,0.0175438596491228,11085.140350877193,269.49122807017545,4.666666666666667,4.666666666666667,0.0,0
9.642435225933491,38.3421926910299,17.0,281,5,109.0,246.0,20.066666666666663,0.1063122923588039,11141.933554817277,265.265780730897,10.514950166112955,10.514950166112955,0.0,0
9.642435225933491,38.3421926910299,17.0,281,5,109.0,246.0,20.066666666666663,0.1063122923588039,11141.933554817277,265.265780730897,10.514950166112955,10.514950166112955,0.0,0
10.534898751898655,23.050632911392405,15.0,183,5,36.60000000000001,148.67999999999995,26.33333333333333,0.0379746835443038,11200.253164556962,269.3544303797468,11.40506329113924,11.40506329113924,0.0,0
10.59215373870654,51.282051282051285,19.0,401,6,116.2,385.0399999999999,13.0,0.0,10942.589743589744,271.2307692307692,5.0,5.0,0.0,0
12.567662081202943,34.28378378378378,16.5,359,6,99.50000000000009,294.02999999999963,14.8,0.0,11333.351351351352,269.1081081081081,5.0,5.0,0.0,0
12.667077433678411,51.58064516129032,17.0,281,5,147.39999999999995,253.36000000000013,31.0,0.0258064516129032,11071.03870967742,269.5741935483871,13.580645161290322,13.580645161290322,0.0,0
12.667077433678411,51.58064516129032,17.0,281,5,147.39999999999995,253.36000000000013,31.0,0.0258064516129032,11071.03870967742,269.5741935483871,13.580645161290322,13.580645161290322,0.0,0
12.667077433678411,51.58064516129032,17.0,281,5,147.39999999999995,253.36000000000013,31.0,0.0258064516129032,11071.03870967742,269.5741935483871,13.580645161290322,13.580645161290322,0.0,0
13.505260804425117,31.608695652173918,15.0,270,6,90.5,202.9499999999996,15.333333333333334,0.0,11460.04347826087,264.6521739130435,5.0,5.0,0.0,0
13.592540011405944,65.7,29.5,281,5,169.0,262.1900000000001,33.333333333333336,0.02,11018.25,270.52,14.53,14.53,0.0,0
14.652059615547977,31.78358208955224,15.0,359,5,79.60000000000002,270.0,13.4,0.0,11259.08208955224,272.82089552238807,5.0,5.0,0.0,0
15.66598980645744,49.005102040816325,17.0,293,5,139.90000000000003,266.4399999999996,39.2,0.0178571428571428,11179.255102040815,271.84183673469386,16.510204081632654,16.510204081632654,0.0,0
15.66598980645744,49.005102040816325,17.0,293,5,139.90000000000003,266.4399999999996,39.2,0.0178571428571428,11179.255102040815,271.84183673469386,16.510204081632654,16.510204081632654,0.0,0
15.66598980645744,49.005102040816325,17.0,293,5,139.90000000000003,266.4399999999996,39.2,0.0178571428571428,11179.255102040815,271.84183673469386,16.510204081632654,16.510204081632654,0.0,0
16.426724904775618,21.475,13.0,270,5,23.80000000000001,191.21999999999989,13.333333333333334,0.0,11068.925,280.25,5.0,5.0,0.0,0
16.60965468043046,40.02158273381295,17.0,199,5,119.2,195.20000000000005,46.333333333333336,0.0071942446043165,11203.870503597122,271.62589928057554,17.496402877697843,17.496402877697843,0.0,0
17.222816574573518,28.7,14.0,270,5,61.70000000000001,268.82,12.0,0.0,11167.483333333334,277.4,5.0,5.0,0.0,0
17.627303805532335,47.32067510548523,17.0,293,5,127.4,277.7999999999997,47.4,0.0126582278481012,11250.029535864978,273.32489451476795,18.426160337552744,18.426160337552744,0.0,0
17.627303805532335,47.32067510548523,17.0,293,5,127.4,277.7999999999997,47.4,0.0126582278481012,11250.029535864978,273.32489451476795,18.426160337552744,18.426160337552744,0.0,0
17.627303805532335,47.32067510548523,17.0,293,5,127.4,277.7999999999997,47.4,0.0126582278481012,11250.029535864978,273.32489451476795,18.426160337552744,18.426160337552744,0.0,0
19.528253536828807,50.36619718309859,17.0,293,5,136.90000000000006,287.95000000000005,47.333333333333336,0.0140845070422535,11240.06338028169,268.1478873239437,19.823943661971832,19.823943661971832,0.0,0
19.549470508799832,33.88235294117647,16.0,268,6,84.99999999999997,215.20000000000027,11.333333333333334,0.0,11031.382352941177,276.52941176470586,5.0,5.0,0.0,0
22.064882819354533,118.678125,19.0,2907,4,210.30000000000007,2541.6200000000017,42.66666666666666,0.0046875,11228.9921875,271.7796875,19.4171875,19.4171875,0.0,0
22.064882819354533,118.678125,19.0,2907,4,210.30000000000007,2541.6200000000017,42.66666666666666,0.0046875,11228.9921875,271.7796875,19.4171875,19.4171875,0.0,0
22.39733774930436,78.30463576158941,17.0,508,5,296.0,441.0,50.333333333333336,0.0,11162.23178807947,273.2582781456954,20.0,20.0,0.0,0
22.462179016711108,16.37313432835821,14.0,67,5,24.0,65.02000000000001,13.4,0.0,11137.089552238804,280.04477611940297,5.0,5.0,0.0,0
22.492683128074365,73.38683127572017,17.0,2907,4,202.8000000000004,447.8799999999986,48.6,0.0,11227.786008230452,269.87654320987656,20.0,20.0,0.0,0
22.492683128074365,73.38683127572017,17.0,2907,4,202.8000000000004,447.8799999999986,48.6,0.0,11227.786008230452,269.87654320987656,20.0,20.0,0.0,0
22.492683128074365,73.38683127572017,17.0,2907,4,202.8000000000004,447.8799999999986,48.6,0.0,11227.786008230452,269.87654320987656,20.0,20.0,0.0,0
22.531952290307903,14.0,12.5,33,6,20.0,28.899999999999963,14.0,0.0,11685.690476190475,264.92857142857144,5.0,5.0,0.0,0
24.674575688525405,160.6426799007444,25.0,2907,4,282.4000000000001,2725.6600000000003,40.3,0.0,11216.62034739454,270.8709677419355,20.0,20.0,0.0,0
24.674575688525405,160.6426799007444,25.0,2907,4,282.4000000000001,2725.6600000000003,40.3,0.0,11216.62034739454,270.8709677419355,20.0,20.0,0.0,0
24.674575688525405,160.6426799007444,25.0,2907,4,282.4000000000001,2725.6600000000003,40.3,0.0,11216.62034739454,270.8709677419355,20.0,20.0,0.0,0
24.94083324165055,23.96212121212121,13.0,246,5,36.60000000000002,223.69999999999996,13.2,0.0,11166.674242424242,274.3333333333333,5.0,5.0,0.0,0
25.11810204204248,422.1938775510204,25.0,2907,4,2278.4,2820.67,32.666666666666664,0.0,11584.010204081633,300.8775510204082,20.0,20.0,0.0,0
25.54428562436785,42.8,15.0,233,5,154.40000000000003,222.7999999999999,11.666666666666666,0.0,10913.257142857145,283.54285714285714,5.0,5.0,0.0,0
27.49575375043429,31.784615384615385,13.0,246,5,56.20000000000002,237.68,13.0,0.0,11197.16923076923,268.44615384615383,5.0,5.0,0.0,0
27.988325014710423,293.1625,59.5,2818,5,712.9999999999989,2795.1,32.0,0.0,11199.6625,272.38125,20.0,20.0,0.0,0
27.988325014710423,293.1625,59.5,2818,5,712.9999999999989,2795.1,32.0,0.0,11199.6625,272.38125,20.0,20.0,0.0,0
27.988325014710423,293.1625,59.5,2818,5,712.9999999999989,2795.1,32.0,0.0,11199.6625,272.38125,20.0,20.0,0.0,0
28.375999898445315,19.21951219512195,12.0,246,5,18.0,166.4000000000003,13.666666666666666,0.0,11060.073170731708,273.0,5.0,5.0,0.0,0
29.056354557384143,91.27272727272728,57.0,902,6,215.0,659.9599999999988,36.66666666666666,0.0,11021.8,248.7090909090909,20.0,20.0,0.0,0
31.57352932060466,42.38235294117647,14.5,277,5,94.7,247.30000000000013,11.333333333333334,0.0,11536.588235294115,268.2058823529412,5.0,5.0,0.0,0
31.62892362640964,86.33333333333333,16.0,958,5,102.0,919.8199999999998,48.0,0.0,11099.569444444443,279.6111111111111,20.0,20.0,0.0,0
32.50389275806291,44.08928571428572,14.0,277,5,151.0,255.55000000000013,11.2,0.0,11400.785714285714,267.3392857142857,5.0,5.0,0.0,0
32.51128637573936,108.38181818181818,20.0,958,5,416.19999999999993,884.1000000000003,44.0,0.0,11230.395454545454,276.0681818181818,20.0,20.0,0.0,0
32.51128637573936,108.38181818181818,20.0,958,5,416.19999999999993,884.1000000000003,44.0,0.0,11230.395454545454,276.0681818181818,20.0,20.0,0.0,0
32.51128637573936,108.38181818181818,20.0,958,5,416.19999999999993,884.1000000000003,44.0,0.0,11230.395454545454,276.0681818181818,20.0,20.0,0.0,0
34.5885404509467,40.270270270270274,14.0,238,5,169.19999999999993,237.64,12.333333333333334,0.0,11083.054054054051,279.1351351351352,5.0,5.0,0.0,0
34.64101695206206,113.84745762711864,74.5,729,6,225.0,704.03,39.333333333333336,0.0,11326.694915254237,269.2457627118644,20.0,20.0,0.0,0
35.07342363414118,30.57627118644068,14.0,277,5,72.39999999999995,237.83,11.8,0.0,11152.966101694916,271.2118644067797,5.0,5.0,0.0,0
35.08963657423263,81.58370044052863,21.0,958,4,178.39999999999998,744.8099999999993,45.4,0.0,11216.640969162996,273.9537444933921,20.0,20.0,0.0,0
35.08963657423263,81.58370044052863,21.0,958,4,178.39999999999998,744.8099999999993,45.4,0.0,11216.640969162996,273.9537444933921,20.0,20.0,0.0,0
35.08963657423263,81.58370044052863,21.0,958,4,178.39999999999998,744.8099999999993,45.4,0.0,11216.640969162996,273.9537444933921,20.0,20.0,0.0,0
36.84883887902447,152.86212624584718,22.0,1752,4,538.2999999999998,1570.93,40.13333333333333,0.0,11231.252491694351,274.2857142857143,20.0,20.0,0.0,0
36.84883887902447,152.86212624584718,22.0,1752,4,538.2999999999998,1570.93,40.13333333333333,0.0,11231.252491694351,274.2857142857143,20.0,20.0,0.0,0
37.36505756961356,68.97122302158273,22.0,458,4,184.6,411.0000000000002,46.333333333333336,0.0,11192.345323741009,271.3093525179856,20.0,20.0,0.0,0
37.39429023188929,18.370967741935484,13.5,237,6,21.9,117.44000000000013,12.4,0.0,10929.129032258064,274.7096774193548,5.0,5.0,0.0,0
37.46419988359724,14.142857142857142,13.0,36,6,20.6,31.57999999999996,11.666666666666666,0.0,11109.971428571427,281.8857142857143,5.0,5.0,0.0,0
37.51372650443998,56.388888888888886,22.0,458,4,130.10000000000005,377.0299999999999,46.8,0.0,11203.709401709402,271.96581196581195,20.0,20.0,0.0,0
37.51372650443998,56.388888888888886,22.0,458,4,130.10000000000005,377.0299999999999,46.8,0.0,11203.709401709402,271.96581196581195,20.0,20.0,0.0,0
37.51372650443998,56.388888888888886,22.0,458,4,130.10000000000005,377.0299999999999,46.8,0.0,11203.709401709402,271.96581196581195,20.0,20.0,0.0,0
40.31426119092685,276.910447761194,16.0,1752,4,1475.7,1684.02,44.66666666666666,0.0,11172.89552238806,273.5223880597015,20.0,20.0,0.0,0
40.42214278380076,18.19047619047619,13.5,58,5,45.599999999999966,57.17999999999999,14.0,0.0,11212.142857142857,273.57142857142856,5.0,5.0,0.0,0
42.24531081399402,371.5135135135135,46.5,1752,4,1414.1000000000006,1683.18,29.6,0.0,11276.074324324323,275.30405405405406,20.0,20.0,0.0,0
42.24531081399402,371.5135135135135,46.5,1752,4,1414.1000000000006,1683.18,29.6,0.0,11276.074324324323,275.30405405405406,20.0,20.0,0.0,0
42.24531081399402,371.5135135135135,46.5,1752,4,1414.1000000000006,1683.18,29.6,0.0,11276.074324324323,275.30405405405406,20.0,20.0,0.0,0
42.26029568994549,42.33802816901409,13.0,550,5,55.0,541.5999999999999,14.2,0.0,11186.154929577464,277.6901408450704,5.0,5.0,0.0,0
43.33882918008944,59.1219512195122,14.0,550,5,75.0,545.2,13.666666666666666,0.0,10931.487804878048,266.2439024390244,5.0,5.0,0.0,0
43.954358221879644,290.5074626865672,71.0,981,5,749.8,940.7400000000002,22.33333333333333,0.0,11543.611940298508,279.4179104477612,20.0,20.0,0.0,0
44.76924256892765,40.28676470588236,13.5,550,5,75.5,538.0,13.6,0.0,11291.801470588236,275.15441176470586,5.0,5.0,0.0,0
45.544729802945646,168.00252525252526,15.0,1752,4,586.0,1656.9,39.6,0.0,11232.310606060606,273.5833333333333,20.0,20.0,0.0,0
45.544729802945646,168.00252525252526,15.0,1752,4,586.0,1656.9,39.6,0.0,11232.310606060606,273.5833333333333,20.0,20.0,0.0,0
45.544729802945646,168.00252525252526,15.0,1752,4,586.0,1656.9,39.6,0.0,11232.310606060606,273.5833333333333,20.0,20.0,0.0,0
46.370526251040005,45.86842105263158,14.0,253,6,135.8,247.45000000000005,12.666666666666666,0.0,11773.026315789471,266.7894736842105,5.0,5.0,0.0,0
46.53162252508252,64.80794701986756,15.0,548,5,182.0,499.5,50.333333333333336,0.0,11287.867549668874,272.49668874172187,20.0,20.0,0.0,0
47.50978454443125,38.04615384615385,14.0,253,5,123.60000000000004,243.4,13.0,0.0,11407.2,272.38461538461536,5.0,5.0,0.0,0
47.51373790925549,46.55241935483871,14.0,548,5,102.00000000000011,470.01,49.6,0.0,11206.193548387097,272.55645161290323,20.0,20.0,0.0,0
47.51373790925549,46.55241935483871,14.0,548,5,102.00000000000011,470.01,49.6,0.0,11206.193548387097,272.55645161290323,20.0,20.0,0.0,0
47.51373790925549,46.55241935483871,14.0,548,5,102.00000000000011,470.01,49.6,0.0,11206.193548387097,272.55645161290323,20.0,20.0,0.0,0
49.5167836949632,26.81081081081081,13.0,205,5,36.79999999999999,188.44000000000003,12.333333333333334,0.0,10917.135135135137,289.1621621621622,5.0,5.0,0.0,0
49.56754967076889,24.21192052980133,14.0,188,4,57.0,127.0,50.333333333333336,0.0,11065.112582781458,276.6754966887417,20.0,20.0,0.0,0
52.28415376100785,15.871794871794872,14.0,37,6,28.60000000000001,35.85999999999999,13.0,0.0,11274.692307692309,260.2307692307692,5.0,5.0,0.0,0
52.3966854829942,124.51612903225806,17.0,891,4,557.1,741.6699999999997,41.333333333333336,0.0,11126.766129032258,272.491935483871,20.0,20.0,0.0,0
52.4949830528033,88.26271186440678,19.0,891,4,175.5,666.7000000000003,47.2,0.0,11191.38559322034,274.70338983050846,20.0,20.0,0.0,0
52.4949830528033,88.26271186440678,19.0,891,4,175.5,666.7000000000003,47.2,0.0,11191.38559322034,274.70338983050846,20.0,20.0,0.0,0
52.4949830528033,88.26271186440678,19.0,891,4,175.5,666.7000000000003,47.2,0.0,11191.38559322034,274.70338983050846,20.0,20.0,0.0,0
52.501596669996935,17.20967741935484,14.0,102,6,29.8,62.35000000000004,12.4,0.0,11153.467741935485,273.9032258064516,5.0,5.0,0.0,0
52.55731053913341,54.896032831737344,15.0,891,4,108.0,622.8000000000002,48.73333333333333,0.0,11199.239398084816,274.6511627906977,20.0,20.0,0.0,0
52.55731053913341,54.896032831737344,15.0,891,4,108.0,622.8000000000002,48.73333333333333,0.0,11199.239398084816,274.6511627906977,20.0,20.0,0.0,0
55.143503791602086,33.17829457364341,14.0,342,5,98.8,283.7599999999999,12.9,0.0,11173.31007751938,273.8759689922481,5.0,5.0,0.0,0
55.146971019898885,59.18012422360248,16.0,891,4,107.8,627.1800000000001,48.3,0.0,11195.66873706004,275.72670807453414,20.0,20.0,0.0,0
55.146971019898885,59.18012422360248,16.0,891,4,107.8,627.1800000000001,48.3,0.0,11195.66873706004,275.72670807453414,20.0,20.0,0.0,0
55.146971019898885,59.18012422360248,16.0,891,4,107.8,627.1800000000001,48.3,0.0,11195.66873706004,275.72670807453414,20.0,20.0,0.0,0
55.47080405660578,43.51351351351352,20.0,169,5,98.60000000000002,162.53,49.333333333333336,0.0,11272.20945945946,271.5135135135135,20.0,20.0,0.0,0
55.60394728183746,18.18421052631579,11.0,108,5,30.300000000000004,98.38000000000008,12.666666666666666,0.0,11287.447368421052,267.5263157894737,5.0,5.0,0.0,0
57.58825366532625,47.95522388059702,14.0,342,5,139.59999999999994,318.9000000000001,13.4,0.0,11191.671641791045,273.85074626865674,5.0,5.0,0.0,0
57.680854259714906,31.39271255060729,15.0,195,5,89.0,161.31999999999994,49.4,0.0,11199.76113360324,276.7044534412955,20.0,20.0,0.0,0
57.680854259714906,31.39271255060729,15.0,195,5,89.0,161.31999999999994,49.4,0.0,11199.76113360324,276.7044534412955,20.0,20.0,0.0,0
57.680854259714906,31.39271255060729,15.0,195,5,89.0,161.31999999999994,49.4,0.0,11199.76113360324,276.7044534412955,20.0,20.0,0.0,0
58.462261830057415,64.47619047619048,16.0,342,5,215.2,327.64999999999986,14.0,0.0,11020.952380952382,282.92857142857144,5.0,5.0,0.0,0
58.60860510996193,30.61783439490446,15.0,195,5,97.00000000000004,165.0,52.333333333333336,0.0,11231.452229299362,279.43949044585986,20.0,20.0,0.0,0
61.39869047914232,141.96031746031747,66.5,900,5,517.0,807.0,42.0,0.0317460317460317,11337.79365079365,263.86507936507934,20.0,20.0,0.0,0
61.4984705027412,29.029411764705884,15.0,128,6,81.7,123.05000000000004,11.333333333333334,0.1764705882352941,11429.382352941177,276.7647058823529,5.0,5.0,0.0,0
62.58606697086777,101.22767857142856,42.0,900,5,192.40000000000003,744.0100000000001,44.8,0.0178571428571428,11364.017857142857,267.01339285714283,20.0,20.0,0.0,0
62.58606697086777,101.22767857142856,42.0,900,5,192.40000000000003,744.0100000000001,44.8,0.0178571428571428,11364.017857142857,267.01339285714283,20.0,20.0,0.0,0
62.58606697086777,101.22767857142856,42.0,900,5,192.40000000000003,744.0100000000001,44.8,0.0178571428571428,11364.017857142857,267.01339285714283,20.0,20.0,0.0,0
62.61179356726389,23.03174603174603,14.0,128,6,39.60000000000001,118.70000000000005,12.6,0.1111111111111111,11214.888888888889,271.6031746031746,5.0,5.0,0.0,0
64.4144090088931,15.5,12.0,78,6,25.40000000000001,61.66000000000001,14.666666666666666,0.0454545454545454,11104.25,275.4318181818182,5.0,5.0,0.0,0
64.56029167440202,51.04166666666666,29.0,198,5,106.0,187.83999999999992,48.0,0.0277777777777777,11163.013888888889,275.0138888888889,20.0,20.0,0.0,0
65.03255804934243,19.271317829457363,13.0,128,5,31.0,111.32,12.9,0.0697674418604651,11275.806201550387,273.93798449612405,5.0,5.0,0.0,0
65.29229897715382,70.05567010309278,29.0,900,4,122.20000000000005,716.3199999999999,48.5,0.0247422680412371,11188.659793814431,272.38762886597937,20.0,20.0,0.0,0
65.29229897715382,70.05567010309278,29.0,900,4,122.20000000000005,716.3199999999999,48.5,0.0247422680412371,11188.659793814431,272.38762886597937,20.0,20.0,0.0,0
65.29229897715382,70.05567010309278,29.0,900,4,122.20000000000005,716.3199999999999,48.5,0.0247422680412371,11188.659793814431,272.38762886597937,20.0,20.0,0.0,0
67.34328778223558,15.681818181818182,13.0,75,5,26.0,58.74999999999986,13.2,0.0303030303030303,11333.954545454546,276.1666666666667,5.0,5.0,0.0,0
67.52897550420063,16.195121951219512,13.0,75,5,23.0,65.00000000000003,13.666666666666666,0.024390243902439,11312.853658536584,267.5121951219512,5.0,5.0,0.0,0
67.53392949165442,36.26923076923077,18.0,173,4,90.5,142.6499999999998,52.0,0.0192307692307692,11148.647435897436,275.12179487179486,20.0,20.0,0.0,0
67.61488889825755,43.30268199233716,24.0,173,4,104.0,158.79999999999984,52.2,0.0306513409961685,11038.16091954023,277.0,20.0,20.0,0.0,0
67.61488889825755,43.30268199233716,24.0,173,4,104.0,158.79999999999984,52.2,0.0306513409961685,11038.16091954023,277.0,20.0,20.0,0.0,0
67.61488889825755,43.30268199233716,24.0,173,4,104.0,158.79999999999984,52.2,0.0306513409961685,11038.16091954023,277.0,20.0,20.0,0.0,0
67.64380636650498,63.88934993084371,27.0,900,4,121.0,686.3599999999983,48.2,0.0207468879668049,11214.268326417705,272.1839557399724,20.0,20.0,0.0,0
67.64380636650498,63.88934993084371,27.0,900,4,121.0,686.3599999999983,48.2,0.0207468879668049,11214.268326417705,272.1839557399724,20.0,20.0,0.0,0
70.42856251001358,42.38125,20.0,166,4,105.1,162.41,53.333333333333336,0.01875,11280.1625,273.20625,20.0,20.0,0.0,0
70.57042848723275,49.82857142857143,14.0,678,5,34.00000000000001,638.5599999999996,11.666666666666666,0.0,11473.171428571428,273.1714285714286,5.0,5.0,0.0,0
72.36243541009965,36.193548387096776,12.0,678,5,34.999999999999986,607.24,12.4,0.0,11389.064516129032,270.6290322580645,5.0,5.0,0.0,0
72.43574369354408,51.3235294117647,22.5,361,4,120.3,315.2999999999995,47.6,0.0126050420168067,11266.453781512606,271.7689075630252,20.0,20.0,0.0,0
72.43574369354408,51.3235294117647,22.5,361,4,120.3,315.2999999999995,47.6,0.0126050420168067,11266.453781512606,271.7689075630252,20.0,20.0,0.0,0
72.43574369354408,51.3235294117647,22.5,361,4,120.3,315.2999999999995,47.6,0.0126050420168067,11266.453781512606,271.7689075630252,20.0,20.0,0.0,0
73.29286479949951,17.64864864864865,11.0,114,6,18.4,111.48,12.333333333333334,0.0,11300.72972972973,271.86486486486484,5.0,5.0,0.0,0
73.50140145399274,62.16058394160584,28.0,361,5,136.4,357.92,45.66666666666666,0.0072992700729927,11152.299270072992,272.3211678832117,20.0,20.0,0.0,0
74.87850825389226,37.16666666666666,13.0,678,5,41.70000000000023,508.0400000000007,12.0,0.0,11188.05,271.81666666666666,5.0,5.0,0.0,0
74.99246316156889,71.97052631578947,26.0,837,4,173.60000000000002,448.9399999999998,47.5,0.0147368421052631,11223.25894736842,273.5852631578948,20.0,20.0,0.0,0
74.99246316156889,71.97052631578947,26.0,837,4,173.60000000000002,448.9399999999998,47.5,0.0147368421052631,11223.25894736842,273.5852631578948,20.0,20.0,0.0,0
74.99246316156889,71.97052631578947,26.0,837,4,173.60000000000002,448.9399999999998,47.5,0.0147368421052631,11223.25894736842,273.5852631578948,20.0,20.0,0.0,0
76.42341861798782,133.51162790697674,72.0,837,5,377.6000000000001,652.2799999999997,43.0,0.0232558139534883,10949.232558139534,268.37984496124034,20.0,20.0,0.0,0
76.55926461079541,31.38235294117647,12.5,278,5,34.0,266.45000000000005,11.333333333333334,0.0,11030.85294117647,272.88235294117646,5.0,5.0,0.0,0
77.55997047545034,92.70464135021098,32.0,837,5,287.6,470.8399999999999,47.4,0.0168776371308016,11179.881856540083,275.40928270042195,20.0,20.0,0.0,0
77.55997047545034,92.70464135021098,32.0,837,5,287.6,470.8399999999999,47.4,0.0168776371308016,11179.881856540083,275.40928270042195,20.0,20.0,0.0,0
77.55997047545034,92.70464135021098,32.0,837,5,287.6,470.8399999999999,47.4,0.0168776371308016,11179.881856540083,275.40928270042195,20.0,20.0,0.0,0
77.56810336277402,38.206896551724135,13.0,278,5,98.90000000000018,266.6,11.6,0.0,10973.172413793103,273.08620689655174,5.0,5.0,0.0,0
79.30880953341114,37.43537414965986,16.0,383,5,83.80000000000001,263.31999999999954,49.0,0.0136054421768707,11445.047619047618,275.421768707483,20.0,20.0,0.0,0
79.50116659535303,38.638888888888886,14.5,258,5,97.5,250.65,12.0,0.0,10840.277777777776,280.8611111111111,5.0,5.0,0.0,0
82.29014990925789,22.025,14.0,143,6,45.50000000000001,123.88999999999996,13.333333333333334,0.0,11226.45,264.775,5.0,5.0,0.0,0
82.32390625327825,49.25625,28.5,307,5,108.1,212.23,53.333333333333336,0.0,11241.51875,279.9875,20.0,20.0,0.0,0
82.33212409402333,107.3007299270073,40.0,1247,5,207.0,1187.32,45.66666666666666,0.0072992700729927,11200.010218978105,274.0160583941606,20.0,20.0,0.0,0
82.33212409402333,107.3007299270073,40.0,1247,5,207.0,1187.32,45.66666666666666,0.0072992700729927,11200.010218978105,274.0160583941606,20.0,20.0,0.0,0
82.39431950858025,50.70954356846473,24.0,324,5,120.0,235.99999999999997,48.2,0.0041493775933609,11155.41908713693,270.3153526970954,20.0,20.0,0.0,0
82.39431950858025,50.70954356846473,24.0,324,5,120.0,235.99999999999997,48.2,0.0041493775933609,11155.41908713693,270.3153526970954,20.0,20.0,0.0,0
82.39431950858025,50.70954356846473,24.0,324,5,120.0,235.99999999999997,48.2,0.0041493775933609,11155.41908713693,270.3153526970954,20.0,20.0,0.0,0
82.43028349662895,19.23880597014925,14.0,143,5,28.19999999999999,110.66000000000015,13.4,0.0,11349.34328358209,268.64179104477614,5.0,5.0,0.0,0
84.76422646827996,21.921875,14.5,143,5,33.0,126.84000000000005,12.8,0.0,11227.265625,275.6953125,5.0,5.0,0.0,0
84.85667857527733,115.02232142857144,45.0,1247,5,191.0,1197.1799999999998,44.8,0.0022321428571428,11210.658482142857,273.27901785714283,20.0,20.0,0.0,0
84.85667857527733,115.02232142857144,45.0,1247,5,191.0,1197.1799999999998,44.8,0.0022321428571428,11210.658482142857,273.27901785714283,20.0,20.0,0.0,0
84.85667857527733,115.02232142857144,45.0,1247,5,191.0,1197.1799999999998,44.8,0.0022321428571428,11210.658482142857,273.27901785714283,20.0,20.0,0.0,0
85.26035455356944,305.2181818181818,99.5,1247,6,1091.3000000000004,1237.11,36.66666666666666,0.0,11013.354545454546,273.8090909090909,20.0,20.0,0.0,0
85.43088626861572,14.681818181818182,11.0,104,5,21.40000000000001,73.04000000000002,14.666666666666666,0.0,11407.25,284.0681818181818,5.0,5.0,0.0,0
87.32773760107698,24.868852459016395,16.0,129,5,33.0,124.2,12.2,0.0,11093.180327868851,283.44262295081967,5.0,5.0,0.0,0
87.723483092543,189.8985507246377,74.0,1247,6,858.8000000000001,1217.28,41.4,0.0,11274.971014492754,276.7294685990338,20.0,20.0,0.0,0
87.723483092543,189.8985507246377,74.0,1247,6,858.8000000000001,1217.28,41.4,0.0,11274.971014492754,276.7294685990338,20.0,20.0,0.0,0
87.723483092543,189.8985507246377,74.0,1247,6,858.8000000000001,1217.28,41.4,0.0,11274.971014492754,276.7294685990338,20.0,20.0,0.0,0
88.5359061434865,32.40625,18.5,129,5,99.5,126.52,10.666666666666666,0.0,11164.3125,270.28125,5.0,5.0,0.0,0
88.70521582630899,67.05035971223022,55.0,207,6,145.40000000000003,205.86,46.333333333333336,0.0,11273.539568345324,271.0503597122302,20.0,20.0,0.0,0
91.33882345171536,55.41176470588236,23.5,272,6,167.29999999999998,270.02,11.333333333333334,0.0,11336.970588235294,266.2647058823529,5.0,5.0,0.0,0
91.58565574005002,141.27868852459017,19.5,1052,5,536.6000000000001,988.0899999999996,40.66666666666666,0.0,11396.852459016394,265.6639344262295,20.0,20.0,0.0,0
92.3807016673841,38.333333333333336,14.0,272,5,75.19999999999996,268.64,11.4,0.0,11201.684210526317,270.64912280701753,5.0,5.0,0.0,0
92.60545833243263,116.04629629629628,39.0,1052,5,327.5,927.65,43.2,0.0,11292.986111111111,275.18981481481484,20.0,20.0,0.0,0
92.60545833243263,116.04629629629628,39.0,1052,5,327.5,927.65,43.2,0.0,11292.986111111111,275.18981481481484,20.0,20.0,0.0,0
92.60545833243263,116.04629629629628,39.0,1052,5,327.5,927.65,43.2,0.0,11292.986111111111,275.18981481481484,20.0,20.0,0.0,0
94.45336690394998,79.07194244604317,64.0,322,5,172.2,235.0,46.333333333333336,0.0,11092.294964028775,276.80575539568343,20.0,20.0,0.0,0
94.64260964277314,13.51219512195122,12.0,49,5,18.0,44.20000000000002,13.666666666666666,0.0,11281.707317073173,275.6829268292683,5.0,5.0,0.0,0
94.90012491146724,25.5,12.5,272,5,46.300000000000026,261.25000000000006,12.0,0.0,11131.841666666667,271.26666666666665,5.0,5.0,0.0,0
94.91132710525925,115.6588785046729,44.5,1052,5,239.50000000000017,921.2500000000005,42.8,0.0,11240.231308411216,273.69392523364485,20.0,20.0,0.0,0
94.91132710525925,115.6588785046729,44.5,1052,5,239.50000000000017,921.2500000000005,42.8,0.0,11240.231308411216,273.69392523364485,20.0,20.0,0.0,0
94.91132710525925,115.6588785046729,44.5,1052,5,239.50000000000017,921.2500000000005,42.8,0.0,11240.231308411216,273.69392523364485,20.0,20.0,0.0,0
97.17960308468533,13.88888888888889,12.0,90,5,16.800000000000004,64.5800000000001,12.6,0.0,11068.650793650791,271.8253968253968,5.0,5.0,0.0,0
97.26070283606369,115.26415094339625,50.5,948,5,202.80000000000007,877.6899999999997,42.4,0.0,11186.481132075472,272.1698113207547,20.0,20.0,0.0,0
97.26070283606369,115.26415094339625,50.5,948,5,202.80000000000007,877.6899999999997,42.4,0.0,11186.481132075472,272.1698113207547,20.0,20.0,0.0,0
97.26070283606369,115.26415094339625,50.5,948,5,202.80000000000007,877.6899999999997,42.4,0.0,11186.481132075472,272.1698113207547,20.0,20.0,0.0,0
97.51031571312954,14.13157894736842,12.0,90,5,17.60000000000001,66.32000000000016,12.666666666666666,0.0,11252.21052631579,273.07894736842104,5.0,5.0,0.0,0
97.51364666779835,127.18,51.0,948,5,481.99999999999983,904.4799999999996,50.0,0.0,11267.98,275.54,20.0,20.0,0.0,0
97.83957971559056,90.41304347826087,30.0,1052,5,185.20000000000005,861.3100000000003,46.0,0.0,11236.463768115942,273.55797101449275,20.0,20.0,0.0,0
97.83957971559056,90.41304347826087,30.0,1052,5,185.20000000000005,861.3100000000003,46.0,0.0,11236.463768115942,273.55797101449275,20.0,20.0,0.0,0
100.6466922332079,18.94871794871795,14.0,178,5,18.80000000000001,143.41999999999976,13.0,0.0,10944.333333333334,271.2307692307692,5.0,5.0,0.0,0
100.7296696539436,70.3125,14.0,653,5,199.40000000000012,603.3000000000001,37.333333333333336,0.0,10976.910714285714,276.2232142857143,20.0,20.0,0.0,0
102.3939304749171,18.541666666666668,14.0,178,5,23.0,130.4300000000004,14.4,0.0,11405.069444444443,276.0416666666667,5.0,5.0,0.0,0
102.62313741491042,49.17175572519084,15.0,653,5,110.70000000000002,487.9299999999988,52.4,0.0,11230.309160305344,273.3358778625954,20.0,20.0,0.0,0
102.62313741491042,49.17175572519084,15.0,653,5,110.70000000000002,487.9299999999988,52.4,0.0,11230.309160305344,273.3358778625954,20.0,20.0,0.0,0
102.62313741491042,49.17175572519084,15.0,653,5,110.70000000000002,487.9299999999988,52.4,0.0,11230.309160305344,273.3358778625954,20.0,20.0,0.0,0
103.5812694755143,43.1497005988024,20.0,210,5,97.0,205.68,55.66666666666666,0.0,11385.053892215568,273.05389221556885,20.0,20.0,0.0,0
103.59744991660118,17.025,15.0,111,5,23.1,77.84999999999995,13.333333333333334,0.0,11364.15,277.9,5.0,5.0,0.0,0
104.91707134417123,16.042857142857144,14.0,178,5,21.10000000000001,101.63999999999965,14.0,0.0,11270.371428571429,276.75,5.0,5.0,0.0,0
105.03244423819616,44.391389432485326,15.0,798,5,97.0,620.8999999999997,51.1,0.0,11182.589041095893,274.21135029354207,20.0,20.0,0.0,0
105.03244423819616,44.391389432485326,15.0,798,5,97.0,620.8999999999997,51.1,0.0,11182.589041095893,274.21135029354207,20.0,20.0,0.0,0
105.03244423819616,44.391389432485326,15.0,798,5,97.0,620.8999999999997,51.1,0.0,11182.589041095893,274.21135029354207,20.0,20.0,0.0,0
106.63024343314925,29.25,15.0,174,5,66.80000000000001,162.37000000000012,50.66666666666666,0.0,11174.427631578948,275.32894736842104,20.0,20.0,0.0,0
106.66267489790916,13.225,13.0,43,5,17.0,33.639999999999986,13.333333333333334,0.0,10934.725,270.225,5.0,5.0,0.0,0
107.56753816470564,39.36144578313253,14.0,798,5,65.0,724.1600000000001,49.8,0.0,11132.37751004016,275.132530120482,20.0,20.0,0.0,0
107.56753816470564,39.36144578313253,14.0,798,5,65.0,724.1600000000001,49.8,0.0,11132.37751004016,275.132530120482,20.0,20.0,0.0,0
107.56753816470564,39.36144578313253,14.0,798,5,65.0,724.1600000000001,49.8,0.0,11132.37751004016,275.132530120482,20.0,20.0,0.0,0
107.588632264558,13.397058823529411,13.0,43,5,17.0,31.60999999999997,13.6,0.0,11127.75,277.5,5.0,5.0,0.0,0
109.21134277752468,14.542857142857144,14.0,38,5,21.000000000000007,33.91999999999996,11.666666666666666,0.0,11143.657142857142,272.3142857142857,5.0,5.0,0.0,0
109.37598438933492,101.203125,15.0,798,5,422.0,760.1200000000001,42.66666666666666,0.0,11144.625,266.5234375,20.0,20.0,0.0,0
112.2376086038092,14.543478260869565,12.0,125,5,18.0,80.44999999999972,15.333333333333334,0.0,11231.173913043478,272.2391304347826,5.0,5.0,0.0,0
112.47877849053732,31.037974683544306,13.0,228,4,88.40000000000009,205.8800000000001,52.66666666666666,0.0,11161.348101265825,281.34177215189874,20.0,20.0,0.0,0
112.48226833409458,44.27524204702628,14.0,798,4,99.0,554.4199999999989,48.2,0.0,11207.026279391424,273.69432918395574,20.0,20.0,0.0,0
112.48226833409458,44.27524204702628,14.0,798,4,99.0,554.4199999999989,48.2,0.0,11207.026279391424,273.69432918395574,20.0,20.0,0.0,0
112.58492641841178,58.24675324675325,14.0,650,4,166.0,551.2999999999995,46.2,0.0,11257.324675324677,272.06060606060606,20.0,20.0,0.0,0
112.58492641841178,58.24675324675325,14.0,650,4,166.0,551.2999999999995,46.2,0.0,11257.324675324677,272.06060606060606,20.0,20.0,0.0,0
112.58492641841178,58.24675324675325,14.0,650,4,166.0,551.2999999999995,46.2,0.0,11257.324675324677,272.06060606060606,20.0,20.0,0.0,0
112.7104132461548,14.586666666666666,12.0,125,5,18.0,71.72000000000037,15.0,0.0,11323.546666666669,266.94666666666666,5.0,5.0,0.0,0
114.59700766090276,24.34108527131783,12.0,384,5,30.40000000000001,317.0799999999999,12.9,0.0,11161.08527131783,270.93798449612405,4.883720930232558,4.883720930232558,0.0,0
115.06405696738118,46.856540084388186,14.0,650,4,108.39999999999998,496.50999999999976,47.4,0.0,11246.240506329112,272.9388185654008,20.0,20.0,0.0,0
115.06405696738118,46.856540084388186,14.0,650,4,108.39999999999998,496.50999999999976,47.4,0.0,11246.240506329112,272.9388185654008,20.0,20.0,0.0,0
115.06405696738118,46.856540084388186,14.0,650,4,108.39999999999998,496.50999999999976,47.4,0.0,11246.240506329112,272.9388185654008,20.0,20.0,0.0,0
115.41264575223128,13.041666666666666,11.0,53,5,16.0,49.71000000000001,16.0,0.0,11434.958333333334,272.3541666666667,5.0,5.0,0.0,0
115.53196429184504,29.77142857142857,14.0,249,4,69.20000000000002,177.0,46.66666666666666,0.0,11362.471428571427,267.7,20.0,20.0,0.0,0
117.21727768138602,37.888888888888886,12.0,384,5,69.00000000000006,358.03,10.8,0.0,10935.444444444443,276.48148148148147,4.722222222222222,4.722222222222222,0.0,0
117.42076131640148,36.02880658436214,15.0,276,5,74.80000000000001,260.6399999999999,48.6,0.0,11235.703703703704,273.77366255144034,20.0,20.0,0.0,0
117.42076131640148,36.02880658436214,15.0,276,5,74.80000000000001,260.6399999999999,48.6,0.0,11235.703703703704,273.77366255144034,20.0,20.0,0.0,0
117.42076131640148,36.02880658436214,15.0,276,5,74.80000000000001,260.6399999999999,48.6,0.0,11235.703703703704,273.77366255144034,20.0,20.0,0.0,0
118.12142847265515,61.35714285714285,13.0,384,5,221.30000000000004,370.77,9.333333333333334,0.0,10840.642857142857,281.60714285714283,4.464285714285714,4.464285714285714,0.0,0
118.4181724104388,38.2,15.0,276,5,91.19999999999996,266.8,48.333333333333336,0.0,11195.972413793104,275.7655172413793,20.0,20.0,0.0,0
121.12142847265515,222.95967741935485,180.0,967,6,427.80000000000007,918.06,82.66666666666667,0.6209677419354839,11020.53629032258,227.9798387096774,54.75,54.75,0.0,1
121.4759430462801,22.658227848101262,13.0,141,4,54.10000000000008,104.43,52.66666666666666,0.0316455696202531,11089.025316455696,269.3481012658228,20.0,20.0,0.0,0
122.21727768138602,484.4163090128756,328.0,2321,5,1106.0,2191.0,93.2,0.4034334763948498,10899.403433476396,234.9141630901288,74.32618025751073,74.32618025751073,0.0,1
122.45400761651447,25.365019011406844,14.0,146,4,61.80000000000001,114.11999999999988,52.6,0.026615969581749,11197.627376425857,274.4182509505703,20.0,20.0,0.0,0
122.45400761651447,25.365019011406844,14.0,146,4,61.80000000000001,114.11999999999988,52.6,0.026615969581749,11197.627376425857,274.4182509505703,20.0,20.0,0.0,0
122.45400761651447,25.365019011406844,14.0,146,4,61.80000000000001,114.11999999999988,52.6,0.026615969581749,11197.627376425857,274.4182509505703,20.0,20.0,0.0,0
123.65450722211152,820.6524822695036,781.0,2321,5,1350.6,2220.23,94.0,0.1241134751773049,10554.567375886523,256.71985815602835,97.36879432624112,97.36879432624112,0.0,1
124.4133907438114,50.36423841059602,32.0,190,5,112.0,187.0,50.333333333333336,0.0463576158940397,11211.51655629139,276.20529801324506,20.0,20.0,0.0,0
124.59700766090276,535.7916666666666,476.5,2321,5,1042.8,1896.959999999995,103.2,0.1831395348837209,11206.130813953489,261.31976744186045,88.40697674418605,88.40697674418605,0.0,1
124.8934594126031,40.40990099009901,16.0,232,4,107.20000000000005,197.67999999999984,50.5,0.0297029702970297,11209.942574257426,271.8138613861386,20.0,20.0,0.0,0
124.8934594126031,40.40990099009901,16.0,232,4,107.20000000000005,197.67999999999984,50.5,0.0297029702970297,11209.942574257426,271.8138613861386,20.0,20.0,0.0,0
124.8934594126031,40.40990099009901,16.0,232,4,107.20000000000005,197.67999999999984,50.5,0.0297029702970297,11209.942574257426,271.8138613861386,20.0,20.0,0.0,0
126.87987096922004,524.785536159601,522.0,1360,7,855.0,1297.0,133.66666666666666,0.0,11976.83042394015,271.19451371571074,100.0,100.0,0.0,1
127.09496103462496,578.0901060070671,547.0,1627,7,1005.5,1422.8000000000015,113.2,0.0017667844522968,11458.666077738517,283.06007067137807,100.0,100.0,0.0,1
127.25526316349324,61.747638326585694,20.0,1010,4,137.0,718.0,49.4,0.0364372469635627,11233.107962213226,273.8569500674764,20.0,20.0,0.0,0
127.25526316349324,61.747638326585694,20.0,1010,4,137.0,718.0,49.4,0.0364372469635627,11233.107962213226,273.8569500674764,20.0,20.0,0.0,0
127.48349295871358,32.640845070422536,16.0,167,5,88.60000000000002,165.18,47.333333333333336,0.0140845070422535,11207.605633802816,274.30281690140845,20.0,20.0,0.0,0
127.544599174468,56.7603305785124,33.5,232,5,150.9,217.18,48.4,0.0330578512396694,11223.326446280991,268.9834710743802,20.0,20.0,0.0,0
127.544599174468,56.7603305785124,33.5,232,5,150.9,217.18,48.4,0.0330578512396694,11223.326446280991,268.9834710743802,20.0,20.0,0.0,0
127.544599174468,56.7603305785124,33.5,232,5,150.9,217.18,48.4,0.0330578512396694,11223.326446280991,268.9834710743802,20.0,20.0,0.0,0
129.9911562717109,509.2651933701657,519.5,1068,9,791.2000000000003,979.78,120.66666666666669,0.0,10655.24861878453,271.292817679558,100.0,100.0,0.0,1
130.47229628945576,60.89506172839506,41.5,232,5,154.50000000000003,218.0,54.0,0.037037037037037,11354.493827160491,277.141975308642,20.0,20.0,0.0,0
132.00375998820908,531.5480916030534,523.0,1404,9,849.2000000000002,1141.7000000000016,131.0,0.0,11128.96641221374,268.62442748091604,100.0,100.0,0.0,1
132.30912288467763,107.40677966101696,26.0,1010,5,304.0,877.9500000000005,47.2,0.0508474576271186,11282.677966101695,278.228813559322,20.0,20.0,0.0,0
132.30912288467763,107.40677966101696,26.0,1010,5,304.0,877.9500000000005,47.2,0.0508474576271186,11282.677966101695,278.228813559322,20.0,20.0,0.0,0
132.30912288467763,107.40677966101696,26.0,1010,5,304.0,877.9500000000005,47.2,0.0508474576271186,11282.677966101695,278.228813559322,20.0,20.0,0.0,0
132.89152585049925,557.3350253807107,534.0,1404,71,883.3999999999999,1191.7299999999998,131.33333333333334,0.0,11382.76649746193,278.5279187817259,100.0,100.0,0.0,1
133.4168828241527,156.796875,24.0,1010,5,553.4,969.7800000000004,42.66666666666666,0.0546875,11311.09375,272.0,20.0,20.0,0.0,0
134.20132977862966,517.6638198757764,503.5,1404,9,829.3,1098.4299999999987,128.8,0.0,11178.937888198758,271.3695652173913,100.0,100.0,0.0,1
135.0063277694527,79.46137787056368,24.0,1010,4,179.39999999999998,796.5399999999997,47.9,0.0354906054279749,11191.0,274.9603340292276,20.0,20.0,0.0,0
135.0063277694527,79.46137787056368,24.0,1010,4,179.39999999999998,796.5399999999997,47.9,0.0354906054279749,11191.0,274.9603340292276,20.0,20.0,0.0,0
135.0063277694527,79.46137787056368,24.0,1010,4,179.39999999999998,796.5399999999997,47.9,0.0354906054279749,11191.0,274.9603340292276,20.0,20.0,0.0,0
135.98777681557192,503.0569105691057,478.0,1097,15,839.2,1034.1999999999998,123.0,0.0,11176.268292682927,271.1517615176152,100.0,100.0,0.0,1
136.656714289529,54.91428571428571,20.0,312,4,164.80000000000007,266.3999999999994,46.66666666666666,0.0285714285714285,11176.07142857143,269.82142857142856,20.0,20.0,0.0,0
137.07641136541557,503.29699842022114,485.0,1097,15,817.0,994.3999999999996,126.6,0.0,11230.646129541865,274.2101105845182,100.0,100.0,0.0,1
137.6258353941725,52.32098765432099,21.0,312,4,144.20000000000005,228.13999999999947,48.6,0.0205761316872428,11101.962962962964,271.7860082304527,20.0,20.0,0.0,0
137.6258353941725,52.32098765432099,21.0,312,4,144.20000000000005,228.13999999999947,48.6,0.0205761316872428,11101.962962962964,271.7860082304527,20.0,20.0,0.0,0
137.6258353941725,52.32098765432099,21.0,312,4,144.20000000000005,228.13999999999947,48.6,0.0205761316872428,11101.962962962964,271.7860082304527,20.0,20.0,0.0,0
138.93364691034486,516.1642512077294,493.5,1676,4,823.8999999999999,1531.4200000000003,138.0,0.0,11396.314009661835,275.78743961352654,100.0,100.0,0.0,1
139.36575352473997,92.40845070422536,43.0,438,5,237.60000000000008,401.9,47.333333333333336,0.0211267605633802,11067.06338028169,274.6549295774648,20.0,20.0,0.0,0
141.88448878350115,681.8819320214669,645.0,1699,4,1208.2,1600.6199999999976,111.8,0.0,11140.996422182468,269.09302325581393,100.0,100.0,0.0,1
142.02045255338618,699.4701986754967,650.0,1699,20,1200.7,1645.9,100.66666666666669,0.0,10700.218543046358,281.5496688741722,100.0,100.0,0.0,1
142.64116668934915,267.1764705882353,189.5,1069,10,599.4000000000001,1061.1299999999997,34.0,0.0,11086.833333333334,272.2450980392157,20.0,20.0,0.0,0
142.70726118940985,87.55555555555556,26.0,1069,4,219.80000000000007,769.1600000000001,46.2,0.0101010101010101,11184.445887445889,272.2554112554113,20.0,20.0,0.0,0
142.70726118940985,87.55555555555556,26.0,1069,4,219.80000000000007,769.1600000000001,46.2,0.0101010101010101,11184.445887445889,272.2554112554113,20.0,20.0,0.0,0
142.726637770935,192.54591836734693,105.5,1069,6,457.0,979.350000000001,39.2,0.010204081632653,11315.668367346938,272.3520408163265,20.0,20.0,0.0,0
142.726637770935,192.54591836734693,105.5,1069,6,457.0,979.350000000001,39.2,0.010204081632653,11315.668367346938,272.3520408163265,20.0,20.0,0.0,0
142.726637770935,192.54591836734693,105.5,1069,6,457.0,979.350000000001,39.2,0.010204081632653,11315.668367346938,272.3520408163265,20.0,20.0,0.0,0
144.02407332520153,715.7051162790698,685.0,1829,4,1232.2,1653.7999999999995,107.5,0.0,11235.118139534885,272.70232558139537,100.0,100.0,0.0,1
144.80014259690836,799.0641025641025,880.0,1550,8,1238.9,1434.9,104.0,0.0,11541.830128205129,262.2339743589744,100.0,100.0,0.0,1
145.451231118838,106.58222222222224,29.5,1069,4,311.5000000000001,894.9099999999996,45.0,0.0044444444444444,11228.986666666666,272.50888888888886,20.0,20.0,0.0,0
145.451231118838,106.58222222222224,29.5,1069,4,311.5000000000001,894.9099999999996,45.0,0.0044444444444444,11228.986666666666,272.50888888888886,20.0,20.0,0.0,0
145.451231118838,106.58222222222224,29.5,1069,4,311.5000000000001,894.9099999999996,45.0,0.0044444444444444,11228.986666666666,272.50888888888886,20.0,20.0,0.0,0
145.47314667224884,28.64,15.0,152,5,96.2,120.05999999999996,50.0,0.0,11321.38,276.8533333333333,20.0,20.0,0.0,0
146.95744317244407,752.3468992248062,761.5,1829,8,1259.0,1703.4000000000003,103.2,0.0,11337.083333333334,276.6124031007752,100.0,100.0,0.0,1
147.55367322981826,40.24803149606299,16.0,294,4,115.70000000000002,228.93,50.8,0.0,11162.098425196851,272.62992125984255,20.0,20.0,0.0,0
147.55367322981826,40.24803149606299,16.0,294,4,115.70000000000002,228.93,50.8,0.0,11162.098425196851,272.62992125984255,20.0,20.0,0.0,0
147.55367322981826,40.24803149606299,16.0,294,4,115.70000000000002,228.93,50.8,0.0,11162.098425196851,272.62992125984255,20.0,20.0,0.0,0
147.90118298685033,733.4469453376206,666.0,1829,61,1282.0,1734.6999999999994,103.66666666666669,0.0,11292.980707395498,275.4147909967846,100.0,100.0,0.0,1
148.45210062932668,52.31446540880504,19.0,294,4,163.60000000000014,257.0599999999995,53.0,0.0,11230.088050314464,267.9245283018868,20.0,20.0,0.0,0
150.98036023254417,701.1903114186852,704.0,1339,110,1136.0,1248.2800000000002,96.33333333333331,0.0,10629.0276816609,276.9930795847751,100.0,100.0,0.0,1
151.44092307824354,89.42307692307692,94.0,210,6,169.0,206.09999999999997,43.333333333333336,0.0,11199.953846153849,277.3,20.0,20.0,0.0,0
152.2345085495384,616.0871080139373,623.0,1355,109,1054.1,1248.4299999999998,114.8,0.0,10927.005226480836,274.8867595818815,100.0,100.0,0.0,1
152.58143534948087,82.87931034482759,85.0,292,6,168.70000000000002,210.69,46.4,0.0,11251.69396551724,278.28879310344826,20.0,20.0,0.0,0
152.58143534948087,82.87931034482759,85.0,292,6,168.70000000000002,210.69,46.4,0.0,11251.69396551724,278.28879310344826,20.0,20.0,0.0,0
152.58143534948087,82.87931034482759,85.0,292,6,168.70000000000002,210.69,46.4,0.0,11251.69396551724,278.28879310344826,20.0,20.0,0.0,0
153.84742243624785,526.1826697892271,480.0,1355,109,904.0,1205.0200000000002,142.33333333333334,0.0,11480.524590163934,274.768149882904,100.0,100.0,0.0,1
154.45900743559545,530.4783653846154,506.0,1355,7,901.0,1229.12,124.8,0.0,11191.067307692309,273.3205128205128,100.0,100.0,0.0,1
154.47123449259792,84.34482758620689,78.0,292,6,178.2,211.56,48.333333333333336,0.0,11087.8,277.51724137931035,20.0,20.0,0.0,0
155.0033982765107,76.72727272727273,61.5,380,5,169.0,307.7299999999999,46.2,0.0,11162.848484848484,274.987012987013,20.0,20.0,0.0,0
155.0033982765107,76.72727272727273,61.5,380,5,169.0,307.7299999999999,46.2,0.0,11162.848484848484,274.987012987013,20.0,20.0,0.0,0
155.0033982765107,76.72727272727273,61.5,380,5,169.0,307.7299999999999,46.2,0.0,11162.848484848484,274.987012987013,20.0,20.0,0.0,0
156.86535676012988,431.4938875305624,422.0,839,16,680.2,813.0,136.33333333333334,0.0,11240.212713936431,273.0440097799511,100.0,100.0,0.0,1
156.9004962333804,457.57121661721067,447.0,1211,7,704.0,1029.9699999999998,134.8,0.0,11415.951038575668,271.986646884273,100.0,100.0,0.0,1
157.15521363023635,113.13157894736842,54.0,1187,5,212.5,929.549999999999,43.06666666666667,0.0,11228.3653250774,274.297213622291,20.0,20.0,0.0,0
157.15521363023635,113.13157894736842,54.0,1187,5,212.5,929.549999999999,43.06666666666667,0.0,11228.3653250774,274.297213622291,20.0,20.0,0.0,0
157.4464217507321,70.52173913043478,38.0,380,5,179.1,326.13,46.0,0.0,11073.230434782608,271.6565217391304,20.0,20.0,0.0,0
157.4464217507321,70.52173913043478,38.0,380,5,179.1,326.13,46.0,0.0,11073.230434782608,271.6565217391304,20.0,20.0,0.0,0
157.4464217507321,70.52173913043478,38.0,380,5,179.1,326.13,46.0,0.0,11073.230434782608,271.6565217391304,20.0,20.0,0.0,0
157.48439598403522,48.69798657718121,24.0,312,5,114.60000000000014,258.6000000000006,49.66666666666666,0.0,11283.68456375839,271.53691275167785,20.0,20.0,0.0,0
159.58941842498865,881.8503401360545,779.5,2414,7,1657.6999999999998,2232.05,98.0,0.0,10999.969387755102,275.9353741496599,100.0,100.0,0.0,1
160.26493816769,261.8350515463917,66.0,1187,5,869.6000000000001,1114.999999999999,32.333333333333336,0.0,11357.876288659794,270.5670103092784,20.0,20.0,0.0,0
162.11260289853163,738.7433460076046,677.0,2414,6,1396.0,2176.75,105.2,0.0,11233.726235741446,273.60266159695817,100.0,100.0,0.0,1
162.55814131187356,204.53804347826087,32.5,1187,5,752.3000000000002,1082.9499999999996,36.8,0.0,11392.869565217392,272.5652173913044,20.0,20.0,0.0,0
162.55814131187356,204.53804347826087,32.5,1187,5,752.3000000000002,1082.9499999999996,36.8,0.0,11392.869565217392,272.5652173913044,20.0,20.0,0.0,0
162.55814131187356,204.53804347826087,32.5,1187,5,752.3000000000002,1082.9499999999996,36.8,0.0,11392.869565217392,272.5652173913044,20.0,20.0,0.0,0
162.9460915444262,528.3014084507042,548.0,1104,6,875.0000000000002,1026.5199999999998,118.33333333333331,0.0,11465.298591549295,267.1605633802817,100.0,100.0,0.0,1
163.40595999717712,132.592,22.0,898,5,584.2000000000002,833.0400000000002,41.66666666666666,0.0,11254.528,273.624,20.0,20.0,0.0,0
164.6525641282081,534.5172413793103,444.0,2414,6,970.8000000000002,1975.499999999999,124.7,0.0,11238.05292702486,273.7963111467522,100.0,100.0,0.0,1
165.2892939831837,132.5590361445783,51.0,1187,5,303.4000000000002,954.02,41.5,0.0,11216.612048192772,274.2265060240964,20.0,20.0,0.0,0
165.2892939831837,132.5590361445783,51.0,1187,5,303.4000000000002,954.02,41.5,0.0,11216.612048192772,274.2265060240964,20.0,20.0,0.0,0
165.2892939831837,132.5590361445783,51.0,1187,5,303.4000000000002,954.02,41.5,0.0,11216.612048192772,274.2265060240964,20.0,20.0,0.0,0
165.8625841088041,435.0386473429952,413.0,1111,25,731.5,965.44,138.0,0.0,11115.30917874396,274.9927536231884,100.0,100.0,0.0,1
166.48888733185512,59.76056338028169,45.0,215,6,127.9,201.72000000000003,47.333333333333336,0.0,11243.464788732394,269.8943661971831,20.0,20.0,0.0,0
167.01653813979632,385.5256588072122,369.0,1111,7,632.0,932.9999999999995,144.2,0.0,11241.209431345354,273.9375866851595,100.0,100.0,0.0,1
167.46475758284203,75.22510822510823,58.0,293,5,166.0,252.9999999999999,46.2,0.0,11076.21645021645,275.5497835497836,20.0,20.0,0.0,0
167.46475758284203,75.22510822510823,58.0,293,5,166.0,252.9999999999999,46.2,0.0,11076.21645021645,275.5497835497836,20.0,20.0,0.0,0
167.46475758284203,75.22510822510823,58.0,293,5,166.0,252.9999999999999,46.2,0.0,11076.21645021645,275.5497835497836,20.0,20.0,0.0,0
168.85318038885364,331.9652928416486,336.0,869,7,520.0,706.1999999999991,153.66666666666666,0.0,11302.462039045551,276.62472885032537,100.0,100.0,0.0,1
169.57281691255704,79.33098591549296,63.0,293,5,186.30000000000004,291.18,47.333333333333336,0.0,11089.73943661972,277.16901408450707,20.0,20.0,0.0,0
171.380485053779,776.9637023593466,499.0,2910,5,1862.0,2580.0,110.2,0.0,11063.254083484571,277.09981851179674,100.0,100.0,0.0,1
171.63793297180987,878.1926345609065,595.0,2910,50,2008.8,2616.960000000001,117.66666666666669,0.0,11022.71671388102,271.5240793201133,100.0,100.0,0.0,1
172.460589752238,63.14529914529915,25.5,407,4,193.40000000000003,315.04999999999984,46.8,0.0,11300.324786324789,273.37179487179486,20.0,20.0,0.0,0
172.460589752238,63.14529914529915,25.5,407,4,193.40000000000003,315.04999999999984,46.8,0.0,11300.324786324789,273.37179487179486,20.0,20.0,0.0,0
172.460589752238,63.14529914529915,25.5,407,4,193.40000000000003,315.04999999999984,46.8,0.0,11300.324786324789,273.37179487179486,20.0,20.0,0.0,0
172.48240229032518,67.00855920114122,43.0,407,4,170.0,292.0,46.73333333333333,0.0,11205.412268188302,273.7389443651926,19.44365192582025,19.44365192582025,0.0,0
172.48240229032518,67.00855920114122,43.0,407,4,170.0,292.0,46.73333333333333,0.0,11205.412268188302,273.7389443651926,19.44365192582025,19.44365192582025,0.0,0
172.54603677462129,60.3014705882353,18.5,407,4,201.5,310.20000000000016,45.333333333333336,0.0,11243.985294117649,274.66911764705884,20.0,20.0,0.0,0
172.6532445815647,1193.353992848629,555.0,4749,5,3967.2,4402.04,83.9,0.0,11139.256257449344,275.7532777115614,100.0,100.0,0.0,1
174.94852128485417,62.97021276595745,30.0,407,4,176.0,296.03000000000003,47.0,0.0,11268.910638297872,272.8489361702128,19.170212765957448,19.170212765957448,0.0,0
174.94852128485417,62.97021276595745,30.0,407,4,176.0,296.03000000000003,47.0,0.0,11268.910638297872,272.8489361702128,19.170212765957448,19.170212765957448,0.0,0
174.94852128485417,62.97021276595745,30.0,407,4,176.0,296.03000000000003,47.0,0.0,11268.910638297872,272.8489361702128,19.170212765957448,19.170212765957448,0.0,0
175.27967603050536,1523.464150943396,675.0,4749,5,4164.6,4585.240000000001,88.33333333333333,0.0,11357.184905660377,276.1358490566038,100.0,100.0,0.0,1
175.55950675622836,95.87162162162164,74.0,332,6,210.3,308.18,49.333333333333336,0.0,11138.013513513511,274.80405405405406,20.0,20.0,0.0,0
175.94893645947587,1989.9895833333333,718.0,4749,5,4227.9,4577.42,57.6,0.0,11284.663194444443,273.1770833333333,100.0,100.0,0.0,1
176.72207422526716,3467.5522388059703,4030.0,4310,13,4203.6,4267.1,22.33333333333333,0.0,11013.462686567163,275.6865671641791,100.0,100.0,0.0,1
177.41536865193964,62.79661016949152,42.0,311,5,157.0,267.6,47.2,0.0,11237.762711864409,272.3305084745763,18.347457627118644,18.347457627118644,0.0,0
177.41536865193964,62.79661016949152,42.0,311,5,157.0,267.6,47.2,0.0,11237.762711864409,272.3305084745763,18.347457627118644,18.347457627118644,0.0,0
177.41536865193964,62.79661016949152,42.0,311,5,157.0,267.6,47.2,0.0,11237.762711864409,272.3305084745763,18.347457627118644,18.347457627118644,0.0,0
178.49875189128676,36.330827067669176,16.0,187,5,88.6,171.32000000000016,44.333333333333336,0.0,11323.842105263158,272.0451127819549,17.06766917293233,17.06766917293233,0.0,0
181.30261098118237,563.836820083682,603.0,1258,13,917.6,1091.5000000000005,79.66666666666667,0.3430962343096234,11424.393305439333,263.98744769874475,100.0,100.0,0.0,1
181.4987518912868,222.95967741935485,180.0,967,6,427.80000000000007,918.06,82.66666666666667,0.6209677419354839,11020.53629032258,227.9798387096774,54.75,54.75,0.0,1
182.41536865193964,484.4163090128756,328.0,2321,5,1106.0,2191.0,93.2,0.4034334763948498,10899.403433476396,234.9141630901288,74.32618025751073,74.32618025751073,0.0,1
182.41536865193964,36.63492063492063,17.0,329,5,80.00000000000004,314.12000000000006,12.6,0.5873015873015873,11164.0,247.66666666666663,6.444444444444445,6.444444444444445,0.0,1
182.41536865193964,36.63492063492063,17.0,329,5,80.00000000000004,314.12000000000006,12.6,0.5873015873015873,11164.0,247.66666666666663,6.444444444444445,6.444444444444445,0.0,1
182.44198704400637,532.196819085487,531.0,1258,13,920.8,1099.7600000000002,100.6,0.2644135188866799,11052.085487077537,274.16699801192846,100.0,100.0,0.0,1
183.8621186466564,497.1206896551725,447.0,1162,42,863.5,1078.8,135.33333333333334,0.1477832512315271,10777.06157635468,277.0960591133005,100.0,100.0,0.0,1
184.03183064074315,820.6524822695036,781.0,2321,5,1350.6,2220.23,94.0,0.1241134751773049,10554.567375886523,256.71985815602835,97.36879432624112,97.36879432624112,0.0,1
184.7556733152471,468.5577557755776,431.5,1258,12,808.3000000000006,1041.2300000000007,121.2,0.1171617161716171,11152.799504950495,271.7582508250825,100.0,100.0,0.0,1
184.94852128485417,27.15811965811966,16.0,329,5,54.00000000000017,190.72999999999976,23.4,0.188034188034188,11137.34188034188,261.9059829059829,12.072649572649572,12.072649572649572,0.0,1
184.94852128485417,27.15811965811966,16.0,329,5,54.00000000000017,190.72999999999976,23.4,0.188034188034188,11137.34188034188,261.9059829059829,12.072649572649572,12.072649572649572,0.0,1
184.94852128485417,535.7916666666666,476.5,2321,5,1042.8,1896.959999999995,103.2,0.1831395348837209,11206.130813953489,261.31976744186045,88.40697674418605,88.40697674418605,0.0,1
186.80244312850343,408.7344110854504,368.0,978,12,681.6,880.08,144.33333333333334,0.0,11464.581986143186,277.133949191686,100.0,100.0,0.0,1
186.9021467640548,423.4090267983075,390.0,978,12,703.2,881.5199999999998,141.8,0.0126939351198871,11224.251057827929,270.04936530324403,100.0,100.0,0.0,1
187.06160424004045,23.666666666666668,16.0,178,5,41.0,141.10000000000042,34.2,0.0409356725146198,11127.520467836255,267.15204678362574,14.146198830409356,14.146198830409356,0.0,1
187.06160424004045,23.666666666666668,16.0,178,5,41.0,141.10000000000042,34.2,0.0409356725146198,11127.520467836255,267.15204678362574,14.146198830409356,14.146198830409356,0.0,1
187.25719438785163,524.785536159601,522.0,1360,7,855.0,1297.0,133.66666666666666,0.0,11976.83042394015,271.19451371571074,100.0,100.0,0.0,1
187.2930520051786,578.0901060070671,547.0,1627,7,1005.5,1422.8000000000015,113.2,0.0017667844522968,11458.666077738517,283.06007067137807,100.0,100.0,0.0,1
187.4824022903252,534.1440426793124,498.0,2321,5,965.8000000000002,1565.6599999999976,112.46666666666668,0.1120331950207468,11176.170717249555,264.15589804386485,92.90812092471845,92.90812092471845,0.0,1
187.4824022903252,58.14102564102564,24.0,379,5,164.3,295.29999999999984,31.2,0.1111111111111111,11216.358974358976,264.9145299145299,17.155982905982906,17.155982905982906,0.0,1
189.9379704725513,429.133909287257,394.0,1063,20,690.8,1019.88,154.33333333333334,0.0,11332.939524838011,270.09071274298054,100.0,100.0,0.0,1
190.36847969034253,509.2651933701657,519.5,1068,9,791.2000000000003,979.78,120.66666666666669,0.0,10655.24861878453,271.292817679558,100.0,100.0,0.0,1
191.7917758405048,491.2485549132948,466.5,1087,20,838.0999999999998,1037.0800000000004,138.4,0.0,11232.063583815028,274.1820809248555,100.0,100.0,0.0,1
191.86096389657905,89.12393162393163,72.0,379,6,204.7,298.6999999999999,46.8,0.0341880341880341,11295.376068376068,267.9230769230769,22.23931623931624,22.23931623931624,0.0,1
191.86096389657905,89.12393162393163,72.0,379,6,204.7,298.6999999999999,46.8,0.0341880341880341,11295.376068376068,267.9230769230769,22.23931623931624,22.23931623931624,0.0,1
192.20185095876272,531.5480916030534,523.0,1404,9,849.2000000000002,1141.7000000000016,131.0,0.0,11128.96641221374,268.62442748091604,100.0,100.0,0.0,1
192.91695909816053,538.7796143250689,525.0,1087,42,851.4000000000001,1007.9199999999998,121.0,0.0,10943.661157024791,271.2396694214876,100.0,100.0,0.0,1
193.26884926913084,557.3350253807107,534.0,1404,71,883.3999999999999,1191.7299999999998,131.33333333333334,0.0,11382.76649746193,278.5279187817259,100.0,100.0,0.0,1
193.8277003573144,139.0928961748634,105.0,1166,5,292.99999999999994,706.2399999999993,54.9,0.0309653916211293,11167.72131147541,268.4790528233151,27.081967213114755,27.081967213114755,0.0,1
193.8277003573144,139.0928961748634,105.0,1166,5,292.99999999999994,706.2399999999993,54.9,0.0309653916211293,11167.72131147541,268.4790528233151,27.081967213114755,27.081967213114755,0.0,1
193.95274876894536,502.2127819548872,453.0,1968,5,885.2000000000003,1695.1000000000004,133.0,0.0,11282.315789473683,273.73007518797,100.0,100.0,0.0,1
194.5528434025811,517.6638198757764,503.5,1404,9,829.3,1098.4299999999987,128.8,0.0,11178.937888198758,271.3695652173913,100.0,100.0,0.0,1
195.82303961153775,577.5297029702971,442.5,1968,111,1175.7,1814.73,134.66666666666666,0.0,11503.339108910892,276.5272277227723,100.0,100.0,0.0,1
196.3651002342035,503.0569105691057,478.0,1097,15,839.2,1034.1999999999998,123.0,0.0,11176.268292682927,271.1517615176152,100.0,100.0,0.0,1
196.79134960815347,176.21269841269842,132.0,1166,5,388.6000000000005,842.3800000000011,63.0,0.0285714285714285,11072.892063492063,268.89206349206347,30.67936507936508,30.67936507936508,0.0,1
196.79134960815347,176.21269841269842,132.0,1166,5,388.6000000000005,842.3800000000011,63.0,0.0285714285714285,11072.892063492063,268.89206349206347,30.67936507936508,30.67936507936508,0.0,1
196.9124978409212,514.1050156739811,440.5,1968,5,1020.200000000001,1770.63,127.6,0.0,11336.82131661442,273.2398119122257,100.0,100.0,0.0,1
197.2745023359692,503.29699842022114,485.0,1097,15,817.0,994.3999999999996,126.6,0.0,11230.646129541865,274.2101105845182,100.0,100.0,0.0,1
199.03764036820817,408.32,432.0,903,5,643.0,797.6399999999999,125.0,0.0,11003.304,269.0586666666667,100.0,100.0,0.0,1
199.31097032897648,516.1642512077294,493.5,1676,4,823.8999999999999,1531.4200000000003,138.0,0.0,11396.314009661835,275.78743961352654,100.0,100.0,0.0,1
199.83250773346356,556.8888888888889,272.0,3815,5,1178.4,3535.0,48.0,0.05,11137.997222222222,269.30555555555554,38.668055555555554,38.668055555555554,0.0,1
201.05856032134037,1373.6100628930817,741.0,3815,12,3258.4,3698.399999999999,31.8,0.1132075471698113,11239.591194968554,265.2201257861635,40.18867924528302,40.18867924528302,0.0,1
201.05856032134037,1373.6100628930817,741.0,3815,12,3258.4,3698.399999999999,31.8,0.1132075471698113,11239.591194968554,265.2201257861635,40.18867924528302,40.18867924528302,0.0,1
201.4640489933664,636.9847775175645,578.0,1829,4,1120.0,1574.7900000000002,113.86666666666666,0.0,11233.460772833723,273.26112412177986,100.0,100.0,0.0,1
201.7963247601684,588.7581863979849,560.0,1731,7,960.8,1571.1600000000012,132.33333333333334,0.0,11240.869017632242,277.3702770780856,100.0,100.0,0.0,1
201.82873243260545,522.1228878648234,478.0,1731,7,880.0,1488.0,130.2,0.0,11288.599078341014,273.4869431643625,100.0,100.0,0.0,1
202.0825797540548,681.8819320214669,645.0,1699,4,1208.2,1600.6199999999976,111.8,0.0,11140.996422182468,269.09302325581393,100.0,100.0,0.0,1
202.39777597201777,699.4701986754967,650.0,1699,20,1200.7,1645.9,100.66666666666669,0.0,10700.218543046358,281.5496688741722,100.0,100.0,0.0,1
203.74177199009225,852.9703703703703,534.0,3815,12,2697.2000000000003,3630.439999999999,40.5,0.0666666666666666,11188.634567901234,269.62716049382715,44.88148148148148,44.88148148148148,0.0,1
203.74177199009225,852.9703703703703,534.0,3815,12,2697.2000000000003,3630.439999999999,40.5,0.0666666666666666,11188.634567901234,269.62716049382715,44.88148148148148,44.88148148148148,0.0,1
204.23869119696383,448.3316363636364,420.0,1731,7,741.4000000000005,1370.3,137.5,0.0,11158.683636363636,274.5134545454545,100.0,100.0,0.0,1
204.37558694915293,715.7051162790698,685.0,1829,4,1232.2,1653.7999999999995,107.5,0.0,11235.118139534885,272.70232558139537,100.0,100.0,0.0,1
204.9379760910465,389.412213740458,405.0,870,8,557.0,703.1199999999998,131.0,0.0,11340.56234096692,273.2824427480916,100.0,100.0,0.0,1
205.17746601554,799.0641025641025,880.0,1550,8,1238.9,1434.9,104.0,0.0,11541.830128205129,262.2339743589744,100.0,100.0,0.0,1
206.89547472062168,516.459349593496,425.0,1627,13,1054.0,1509.6,49.2,0.0365853658536585,11155.69918699187,272.4756097560976,47.91463414634146,47.91463414634146,0.0,1
206.89547472062168,516.459349593496,425.0,1627,13,1054.0,1509.6,49.2,0.0365853658536585,11155.69918699187,272.4756097560976,47.91463414634146,47.91463414634146,0.0,1
206.9667358205297,381.9806629834254,367.0,978,9,621.4000000000001,817.54,144.8,0.0,11041.867403314916,275.43646408839777,100.0,100.0,0.0,1
207.15553414299768,752.3468992248062,761.5,1829,8,1259.0,1703.4000000000003,103.2,0.0,11337.083333333334,276.6124031007752,100.0,100.0,0.0,1
207.8440073699436,385.6689189189189,346.5,978,14,665.7,837.6899999999998,148.0,0.0,10997.81081081081,273.9932432432432,100.0,100.0,0.0,1
208.27850640548192,733.4469453376206,666.0,1829,61,1282.0,1734.6999999999994,103.66666666666669,0.0,11292.980707395498,275.4147909967846,100.0,100.0,0.0,1
210.86172952366792,392.3086956521739,377.5,777,26,608.0,762.4599999999998,153.33333333333334,0.0,11512.08695652174,268.2173913043478,100.0,100.0,0.0,1
211.35768365117576,701.1903114186852,704.0,1339,110,1136.0,1248.2800000000002,96.33333333333331,0.0,10629.0276816609,276.9930795847751,100.0,100.0,0.0,1
211.60687929839608,551.4804381846635,446.0,2209,26,1193.8000000000002,1854.4000000000003,127.8,0.0,11307.084507042253,276.2707355242567,100.0,100.0,0.0,1
211.76273532531684,231.5615212527964,224.0,630,6,374.2000000000001,539.1200000000006,89.4,0.0,11240.581655480984,274.158836689038,50.0,50.0,0.0,1
211.76273532531684,231.5615212527964,224.0,630,6,374.2000000000001,539.1200000000006,89.4,0.0,11240.581655480984,274.158836689038,50.0,50.0,0.0,1
212.432599520092,616.0871080139373,623.0,1355,109,1054.1,1248.4299999999998,114.8,0.0,10927.005226480836,274.8867595818815,100.0,100.0,0.0,1
213.13462293041016,276.68957345971563,222.0,1538,6,460.7000000000001,1145.8499999999997,84.4,0.0,11224.221563981042,273.7760663507109,50.0,50.0,0.0,1
213.13462293041016,276.68957345971563,222.0,1538,6,460.7000000000001,1145.8499999999997,84.4,0.0,11224.221563981042,273.7760663507109,50.0,50.0,0.0,1
213.91997454750225,740.8506493506494,610.0,2209,14,1423.7,1987.4500000000005,102.66666666666669,0.0,10937.24025974026,284.2435064935065,100.0,100.0,0.0,1
214.22474585487944,526.1826697892271,480.0,1355,109,904.0,1205.0200000000002,142.33333333333334,0.0,11480.524590163934,274.768149882904,100.0,100.0,0.0,1
214.25726777803828,456.610911701364,387.0,2209,11,750.3999999999996,1614.3999999999996,139.3,0.0,11251.050251256282,273.64178033022256,100.0,100.0,0.0,1
214.8105210595469,530.4783653846154,506.0,1355,7,901.0,1229.12,124.8,0.0,11191.067307692309,273.3205128205128,100.0,100.0,0.0,1
215.147801229099,272.4466720128308,221.0,1538,6,506.8000000000002,1110.1799999999994,83.13333333333334,0.0,11227.370489174018,272.7963111467522,50.0,50.0,0.0,1
216.51222516452205,327.50125944584386,218.0,1538,6,814.2,1177.2400000000007,79.4,0.0,11205.801007556674,273.34508816120905,50.0,50.0,0.0,1
216.51222516452205,327.50125944584386,218.0,1538,6,814.2,1177.2400000000007,79.4,0.0,11205.801007556674,273.34508816120905,50.0,50.0,0.0,1
216.76507109646576,592.2299887260428,545.0,2414,6,1019.1,1875.0599999999984,118.26666666666668,0.0,11203.715896279597,273.4041713641488,100.0,100.0,0.0,1
216.9015434824136,338.343949044586,321.0,836,11,525.0,687.3000000000002,157.0,0.0,11204.866242038215,270.791932059448,100.0,100.0,0.0,1
217.04922692197133,376.210875331565,352.0,1034,11,618.7,862.94,150.8,0.0,11203.562334217506,271.41379310344826,100.0,100.0,0.0,1
217.098587203934,457.57121661721067,447.0,1211,7,704.0,1029.9699999999998,134.8,0.0,11415.951038575668,271.986646884273,100.0,100.0,0.0,1
217.2426801787615,431.4938875305624,422.0,839,16,680.2,813.0,136.33333333333334,0.0,11240.212713936431,273.0440097799511,100.0,100.0,0.0,1
219.83577040802163,484.1911764705882,448.5,1417,8,862.0,1119.39,136.0,0.0,11042.720588235294,271.72549019607845,100.0,100.0,0.0,1
219.96674184362027,881.8503401360545,779.5,2414,7,1657.6999999999998,2232.05,98.0,0.0,10999.969387755102,275.9353741496599,100.0,100.0,0.0,1
221.7462419481168,263.560794044665,215.0,1050,6,516.0,871.4200000000023,80.6,0.0,11233.965260545903,270.74441687344915,50.0,50.0,0.0,1
221.7462419481168,263.560794044665,215.0,1050,6,516.0,871.4200000000023,80.6,0.0,11233.965260545903,270.74441687344915,50.0,50.0,0.0,1
222.022901787705,583.0108864696734,533.0,1697,8,1052.8000000000002,1484.16,128.6,0.0,11213.819595645413,276.24416796267496,100.0,100.0,0.0,1
222.31069386908524,738.7433460076046,677.0,2414,6,1396.0,2176.75,105.2,0.0,11233.726235741446,273.60266159695817,100.0,100.0,0.0,1
222.92232977265732,630.7994858611826,520.0,1697,30,1174.0,1557.8000000000002,129.66666666666666,0.0,11403.719794344472,281.4241645244216,100.0,100.0,0.0,1
223.3234149630578,528.3014084507042,548.0,1104,6,875.0000000000002,1026.5199999999998,118.33333333333331,0.0,11465.298591549295,267.1605633802817,100.0,100.0,0.0,1
223.5531891496978,237.0224719101124,196.0,1050,6,475.2000000000001,833.1000000000001,89.0,0.0,11242.78202247191,271.7,50.0,50.0,0.0,1
223.5531891496978,237.0224719101124,196.0,1050,6,475.2000000000001,833.1000000000001,89.0,0.0,11242.78202247191,271.7,50.0,50.0,0.0,1
224.34433125919293,494.0750568612585,437.0,1697,5,905.8000000000002,1414.8399999999992,131.9,0.0,11260.714177407126,273.8695981804397,100.0,100.0,0.0,1
225.0040777521595,534.5172413793103,444.0,2414,6,970.8000000000002,1975.499999999999,124.7,0.0,11238.05292702486,273.7963111467522,100.0,100.0,0.0,1
226.07551967869287,382.8708010335917,358.0,1297,15,605.2,1129.4999999999982,129.0,0.0,11221.05684754522,266.4987080103359,100.0,100.0,0.0,1
226.2399075274357,435.0386473429952,413.0,1111,25,731.5,965.44,138.0,0.0,11115.30917874396,274.9927536231884,100.0,100.0,0.0,1
226.62410090513208,215.06160164271049,182.0,934,6,370.4,813.9399999999997,97.4,0.0,11250.078028747434,272.4907597535934,50.0,50.0,0.0,1
226.62410090513208,215.06160164271049,182.0,934,6,370.4,813.9399999999997,97.4,0.0,11250.078028747434,272.4907597535934,50.0,50.0,0.0,1
227.1288815881745,409.4807692307692,396.5,1297,5,691.0,989.5,135.2,0.0,11305.31952662722,271.6109467455621,100.0,100.0,0.0,1
227.21462911035,385.5256588072122,369.0,1111,7,632.0,932.9999999999995,144.2,0.0,11241.209431345354,273.9375866851595,100.0,100.0,0.0,1
228.84241232757347,471.7192575406032,437.0,2130,5,781.0,1989.4999999999984,143.66666666666666,0.0,11310.69837587007,276.30858468677496,100.0,100.0,0.0,1
229.2305038074853,331.9652928416486,336.0,869,7,520.0,706.1999999999991,153.66666666666666,0.0,11302.462039045551,276.62472885032537,100.0,100.0,0.0,1
230.0358624834722,819.9923076923077,430.0,4749,5,2056.8000000000065,4314.510000000001,104.0,0.0,11186.376923076925,274.91410256410256,100.0,100.0,0.0,1
230.27476242306136,242.5941391941392,212.0,934,6,442.40000000000055,765.7199999999998,91.0,0.0,11208.748717948718,274.3934065934066,50.0,50.0,0.0,1
231.57857602433265,776.9637023593466,499.0,2910,5,1862.0,2580.0,110.2,0.0,11063.254083484571,277.09981851179674,100.0,100.0,0.0,1
231.770893431718,300.0121951219512,270.5,822,10,543.3000000000003,782.4699999999995,82.0,0.0,11185.61463414634,275.83658536585364,50.0,50.0,0.0,1
231.770893431718,300.0121951219512,270.5,822,10,543.3000000000003,782.4699999999995,82.0,0.0,11185.61463414634,275.83658536585364,50.0,50.0,0.0,1
232.0038172079508,811.7104247104247,649.0,2138,11,1615.2,1983.379999999999,86.33333333333333,0.0,10641.915057915056,268.7799227799228,100.0,100.0,0.0,1
232.01525639044144,878.1926345609065,595.0,2910,50,2008.8,2616.960000000001,117.66666666666669,0.0,11022.71671388102,271.5240793201133,100.0,100.0,0.0,1
232.05841455249256,644.6061151079136,510.0,2138,11,1426.0,2052.1000000000017,111.2,0.0,11061.471223021585,271.2230215827338,100.0,100.0,0.0,1
233.0047582055161,1193.353992848629,555.0,4749,5,3967.2,4402.04,83.9,0.0,11139.256257449344,275.7532777115614,100.0,100.0,0.0,1
233.54163232590065,257.8656036446469,222.0,822,7,469.60000000000014,742.3800000000001,87.8,0.0,11185.824601366745,275.4487471526196,50.0,50.0,0.0,1
233.54163232590065,257.8656036446469,222.0,822,7,469.60000000000014,742.3800000000001,87.8,0.0,11185.824601366745,275.4487471526196,50.0,50.0,0.0,1
234.57232442276856,514.51953125,434.0,2138,11,900.4000000000005,1863.670000000001,128.0,0.0,11071.20390625,272.47421875,100.0,100.0,0.0,1
234.86981006708973,430.09090909090907,434.0,980,54,669.0,843.0,150.33333333333334,0.0,11545.91352549889,278.9157427937916,100.0,100.0,0.0,1
235.65699944913692,1523.464150943396,675.0,4749,5,4164.6,4585.240000000001,88.33333333333333,0.0,11357.184905660377,276.1358490566038,100.0,100.0,0.0,1
236.14702743002948,1989.9895833333333,718.0,4749,5,4227.9,4577.42,57.6,0.0,11284.663194444443,273.1770833333333,100.0,100.0,0.0,1
236.71041687459496,220.94230769230768,207.0,747,7,386.6,642.8799999999994,93.6,0.0,11186.008547008549,275.1089743589744,50.0,50.0,0.0,1
236.71041687459496,220.94230769230768,207.0,747,7,386.6,642.8799999999994,93.6,0.0,11186.008547008549,275.1089743589744,50.0,50.0,0.0,1
237.0252095761712,414.61878453038673,391.5,1328,25,672.5000000000002,1082.7099999999996,144.8,0.0,11078.67817679558,273.4350828729281,100.0,100.0,0.0,1
237.0993976438988,3467.5522388059703,4030.0,4310,13,4203.6,4267.1,22.33333333333333,0.0,11013.462686567163,275.6865671641791,100.0,100.0,0.0,1
237.99253496536272,419.8785046728972,370.0,1328,25,714.0,1175.9500000000005,142.66666666666666,0.0,10823.864485981308,268.10046728971963,100.0,100.0,0.0,1
240.8258598002245,724.3136094674556,625.0,1449,198,1227.5,1389.63,112.66666666666669,0.1568047337278106,11540.529585798817,271.10059171597635,100.0,100.0,0.0,1
241.6763934907325,1079.406,895.0,3275,198,2242.9000000000005,3091.03,100.0,0.276,11338.092,279.518,100.0,100.0,0.0,1
241.679934399814,563.836820083682,603.0,1258,13,917.6,1091.5000000000005,79.66666666666667,0.3430962343096234,11424.393305439333,263.98744769874475,100.0,100.0,0.0,1
241.90033007518477,223.11648351648356,212.0,675,7,375.2000000000001,573.5199999999998,91.0,0.0373626373626373,11193.171428571428,273.5362637362637,50.0,50.0,0.0,1
241.90033007518477,223.11648351648356,212.0,675,7,375.2000000000001,573.5199999999998,91.0,0.0373626373626373,11193.171428571428,273.5362637362637,50.0,50.0,0.0,1
242.64007801456,532.196819085487,531.0,1258,13,920.8,1099.7600000000002,100.6,0.2644135188866799,11052.085487077537,274.16699801192846,100.0,100.0,0.0,1
243.51882547772144,1747.0497512437812,1639.0,3275,316,2947.0,3238.0,67.0,0.5124378109452736,11237.02487562189,290.6318407960199,100.0,100.0,0.0,1
243.5234974410353,228.17704918032783,214.0,710,6,389.6,609.58,91.5,0.0316939890710382,11175.68524590164,273.327868852459,50.0,50.0,0.0,1
243.5234974410353,228.17704918032783,214.0,710,6,389.6,609.58,91.5,0.0316939890710382,11175.68524590164,273.327868852459,50.0,50.0,0.0,1
243.5655979861793,1178.8954326923076,1042.0,3275,134,2228.9,3040.5199999999995,83.2,0.2211538461538461,11327.775240384615,276.765625,100.0,100.0,0.0,1
244.239442065288,497.1206896551725,447.0,1162,42,863.5,1078.8,135.33333333333334,0.1477832512315271,10777.06157635468,277.0960591133005,100.0,100.0,0.0,1
245.10718693919853,468.5577557755776,431.5,1258,12,808.3000000000006,1041.2300000000007,121.2,0.1171617161716171,11152.799504950495,271.7582508250825,100.0,100.0,0.0,1
245.37408563562465,236.27550260610573,220.0,751,6,400.0,617.2199999999993,89.53333333333333,0.0290394638868205,11231.475055845123,272.17200297840657,50.0,50.0,0.0,1
246.84399698117815,233.18260869565216,218.0,710,6,399.0,627.1499999999995,92.0,0.0260869565217391,11158.389130434784,273.1217391304348,50.0,50.0,0.0,1
246.84399698117815,233.18260869565216,218.0,710,6,399.0,627.1499999999995,92.0,0.0260869565217391,11158.389130434784,273.1217391304348,50.0,50.0,0.0,1
247.10023773460844,423.4090267983075,390.0,978,12,703.2,881.5199999999998,141.8,0.0126939351198871,11224.251057827929,270.04936530324403,100.0,100.0,0.0,1
247.15114911207385,1328.7289156626507,1324.0,3101,134,2220.7000000000003,2623.76,66.4,0.1385542168674698,11312.237951807228,272.62048192771084,100.0,100.0,0.0,1
247.15666982454772,1276.5708812260536,1211.0,3101,134,2268.0,2672.599999999997,87.0,0.10727969348659,11266.026819923372,259.62835249042143,100.0,100.0,0.0,1
247.17976654713505,408.7344110854504,368.0,978,12,681.6,880.08,144.33333333333334,0.0,11464.581986143186,277.133949191686,100.0,100.0,0.0,1
247.32986962261225,476.8046218487395,448.0,1258,12,819.7,1041.8200000000002,126.93333333333334,0.0745798319327731,11181.607668067229,272.63918067226894,100.0,100.0,0.0,1
250.1934044709709,1125.240506329114,1157.0,2218,9,1828.6,2099.03,52.66666666666666,0.0,11773.82911392405,267.22151898734177,100.0,100.0,0.0,1
250.31529389118293,429.133909287257,394.0,1063,20,690.8,1019.88,154.33333333333334,0.0,11332.939524838011,270.09071274298054,100.0,100.0,0.0,1
251.73402022665445,253.58878504672896,246.0,751,6,417.0,637.5700000000002,85.6,0.0233644859813084,11350.745327102804,269.70093457943926,50.0,50.0,0.0,1
251.73402022665445,253.58878504672896,246.0,751,6,417.0,637.5700000000002,85.6,0.0233644859813084,11350.745327102804,269.70093457943926,50.0,50.0,0.0,1
251.9898668110584,491.2485549132948,466.5,1087,20,838.0999999999998,1037.0800000000004,138.4,0.0,11232.063583815028,274.1820809248555,100.0,100.0,0.0,1
252.49729291719277,586.4624505928854,443.0,2018,9,1158.0,1478.4499999999998,101.2,0.0,11388.94861660079,268.5612648221344,100.0,100.0,0.0,1
253.0364237954048,449.0605263157895,419.0,1083,13,779.5000000000001,989.0999999999998,126.66666666666669,0.0,11124.94210526316,279.2842105263158,100.0,100.0,0.0,1
253.29428251679207,538.7796143250689,525.0,1087,42,851.4000000000001,1007.9199999999998,121.0,0.0,10943.661157024791,271.2396694214876,100.0,100.0,0.0,1
253.38094327668503,258.78645235361654,256.0,751,6,423.0,631.8999999999999,87.1,0.0241102181400688,11287.499425947188,271.4052812858783,50.0,50.0,0.0,1
253.38094327668503,258.78645235361654,256.0,751,6,423.0,631.8999999999999,87.1,0.0241102181400688,11287.499425947188,271.4052812858783,50.0,50.0,0.0,1
254.3042623928968,502.2127819548872,453.0,1968,5,885.2000000000003,1695.1000000000004,133.0,0.0,11282.315789473683,273.73007518797,100.0,100.0,0.0,1
254.7250569790221,538.1263972484953,442.0,2018,6,1071.4,1437.459999999998,116.3,0.0,11245.009458297509,273.83748925193464,100.0,100.0,0.0,1
255.9488845159969,571.1361502347418,478.0,1744,8,1063.5,1413.5,142.0,0.0,11033.05633802817,274.61971830985914,100.0,100.0,0.0,1
256.2003630301694,577.5297029702971,442.5,1968,111,1175.7,1814.73,134.66666666666666,0.0,11503.339108910892,276.5272277227723,100.0,100.0,0.0,1
256.6672549560772,263.8081264108352,261.0,723,8,428.0,614.7999999999998,88.6,0.0248306997742663,11226.395033860044,273.05191873589166,50.0,50.0,0.0,1
256.6672549560772,263.8081264108352,261.0,723,8,428.0,614.7999999999998,88.6,0.0248306997742663,11226.395033860044,273.05191873589166,50.0,50.0,0.0,1
256.96377516984643,500.8995433789954,442.0,1744,6,909.4,1379.3999999999994,131.4,0.0,11134.152207001522,277.9010654490107,100.0,100.0,0.0,1
257.1105888114748,514.1050156739811,440.5,1968,5,1020.200000000001,1770.63,127.6,0.0,11336.82131661442,273.2398119122257,100.0,100.0,0.0,1
259.0791082817563,386.5398936170213,390.0,1600,6,575.5,794.5,125.33333333333331,0.0,11248.005319148937,274.45478723404256,100.0,100.0,0.0,1
259.4149637868398,408.32,432.0,903,5,643.0,797.6399999999999,125.0,0.0,11003.304,269.0586666666667,100.0,100.0,0.0,1
260.4592840870523,254.11875945537065,224.0,846,5,465.8000000000002,704.79,88.13333333333334,0.0287443267776096,11177.784417549168,275.16111951588505,50.0,50.0,0.0,1
261.7738446501602,264.22926829268295,247.5,747,5,507.30000000000007,693.209999999999,82.0,0.0439024390243902,11253.307317073171,274.9878048780488,50.0,50.0,0.0,1
261.7738446501602,264.22926829268295,247.5,747,5,507.30000000000007,693.209999999999,82.0,0.0439024390243902,11253.307317073171,274.9878048780488,50.0,50.0,0.0,1
261.8983764257898,691.2756598240469,550.0,2074,6,1370.0,1893.000000000004,113.66666666666669,0.0,11180.32258064516,269.72140762463346,100.0,100.0,0.0,1
261.94533481046125,635.1116427432216,517.0,2074,6,1294.0,1753.84,125.4,0.0,11155.971291866028,271.72727272727275,100.0,100.0,0.0,1
261.9474249216847,469.1778440139096,425.0,1968,5,780.8,1621.5599999999986,134.2,0.0,11215.14257327372,274.1097863884749,100.0,100.0,0.0,1
262.0268234031591,522.1228878648234,478.0,1731,7,880.0,1488.0,130.2,0.0,11288.599078341014,273.4869431643625,100.0,100.0,0.0,1
262.1736481788,588.7581863979849,560.0,1731,7,960.8,1571.1600000000012,132.33333333333334,0.0,11240.869017632242,277.3702770780856,100.0,100.0,0.0,1
263.54375392397674,249.23549488054607,216.0,846,5,494.2000000000003,730.8800000000001,87.9,0.030716723549488,11153.285551763369,276.22411831626846,50.0,50.0,0.0,1
263.54375392397674,249.23549488054607,216.0,846,5,494.2000000000003,730.8800000000001,87.9,0.030716723549488,11153.285551763369,276.22411831626846,50.0,50.0,0.0,1
263.7296872769955,701.7720930232558,574.0,2416,6,1448.0000000000005,1991.24,107.5,0.0,11131.758139534884,270.7972093023256,100.0,100.0,0.0,1
264.5902048209153,448.3316363636364,420.0,1731,7,741.4000000000005,1370.3,137.5,0.0,11158.683636363636,274.5134545454545,100.0,100.0,0.0,1
264.85122891315973,789.2666666666667,622.5,2416,7,1750.4,2080.380000000001,120.0,0.0,11247.083333333334,276.35277777777776,100.0,100.0,0.0,1
265.3152995096781,389.412213740458,405.0,870,8,557.0,703.1199999999998,131.0,0.0,11340.56234096692,273.2824427480916,100.0,100.0,0.0,1
266.70689507069875,236.1279317697228,190.0,846,6,483.2,757.9599999999998,93.8,0.0191897654584221,11065.846481876331,277.3049040511727,50.0,50.0,0.0,1
266.70689507069875,236.1279317697228,190.0,846,6,483.2,757.9599999999998,93.8,0.0191897654584221,11065.846481876331,277.3049040511727,50.0,50.0,0.0,1
266.9358928102177,795.0669642857143,660.5,2416,7,1750.0,2082.5399999999995,89.6,0.0,11097.870535714286,269.4955357142857,100.0,100.0,0.0,1
267.16482679108327,381.9806629834254,367.0,978,9,621.4000000000001,817.54,144.8,0.0,11041.867403314916,275.43646408839777,100.0,100.0,0.0,1
268.1162148809758,764.1572052401747,732.0,2158,82,1414.2000000000005,1945.52,76.33333333333333,0.0,10877.755458515285,270.9301310043668,100.0,100.0,0.0,1
268.2213307885752,385.6689189189189,346.5,978,14,665.7,837.6899999999998,148.0,0.0,10997.81081081081,273.9932432432432,100.0,100.0,0.0,1
270.8268178304451,480.4674698795181,483.0,1053,7,796.6000000000001,1018.88,138.33333333333334,0.0,11458.269879518071,280.80963855421686,100.0,100.0,0.0,1
271.2390529422995,392.3086956521739,377.5,777,26,608.0,762.4599999999998,153.33333333333334,0.0,11512.08695652174,268.2173913043478,100.0,100.0,0.0,1
271.7632416647952,321.87301587301585,328.0,656,8,504.80000000000007,627.46,75.6,0.0026455026455026,11296.78835978836,270.8015873015873,50.0,50.0,0.0,1
271.7632416647952,321.87301587301585,328.0,656,8,504.80000000000007,627.46,75.6,0.0026455026455026,11296.78835978836,270.8015873015873,50.0,50.0,0.0,1
271.8049702689497,551.4804381846635,446.0,2209,26,1193.8000000000002,1854.4000000000003,127.8,0.0,11307.084507042253,276.2707355242567,100.0,100.0,0.0,1
271.9310643164132,441.17118402282455,433.0,1053,7,711.0,972.0,140.2,0.0,11330.955777460773,274.6718972895863,100.0,100.0,0.0,1
273.7147122820897,248.55733944954127,219.0,741,6,456.69999999999993,627.0,87.2,0.0011467889908256,11184.311926605504,272.73853211009174,50.0,50.0,0.0,1
273.7147122820897,248.55733944954127,219.0,741,6,456.69999999999993,627.0,87.2,0.0011467889908256,11184.311926605504,272.73853211009174,50.0,50.0,0.0,1
273.89482608060194,347.8340807174888,336.0,759,11,530.5,726.55,148.66666666666666,0.0,11088.961883408072,266.3542600896861,100.0,100.0,0.0,1
274.29729796613384,740.8506493506494,610.0,2209,14,1423.7,1987.4500000000005,102.66666666666669,0.0,10937.24025974026,284.2435064935065,100.0,100.0,0.0,1
274.3386479970634,389.0717577353522,361.0,1053,6,643.2,893.4599999999998,151.9,0.0,11292.49637919684,272.82883475971033,100.0,100.0,0.0,1
274.6087814019897,456.610911701364,387.0,2209,11,750.3999999999996,1614.3999999999996,139.3,0.0,11251.050251256282,273.64178033022256,100.0,100.0,0.0,1
275.81522449279566,227.9963154016212,197.0,816,6,428.8000000000002,627.0,90.46666666666668,0.0007369196757553,11205.251289609432,272.80840088430364,50.0,50.0,0.0,1
276.729835916237,192.4574898785425,171.0,741,6,336.0,621.42,98.8,0.0,11098.246963562751,274.2206477732793,50.0,50.0,0.0,1
276.729835916237,192.4574898785425,171.0,741,6,336.0,621.42,98.8,0.0,11098.246963562751,274.2206477732793,50.0,50.0,0.0,1
276.7408028811599,496.52996070726914,415.0,2209,8,917.0,1586.150000000001,135.73333333333332,0.0,11239.292239685656,274.46365422396855,100.0,100.0,0.0,1
276.8258291783367,326.69818913480884,327.0,814,6,501.0,650.3600000000001,165.66666666666666,0.0,11252.79879275654,277.72233400402416,100.0,100.0,0.0,1
276.95048142659755,344.4242053789731,329.0,951,6,533.6000000000001,829.4500000000006,163.6,0.0,11259.537897310513,271.2493887530562,100.0,100.0,0.0,1
277.24731789252496,376.210875331565,352.0,1034,11,618.7,862.94,150.8,0.0,11203.562334217506,271.41379310344826,100.0,100.0,0.0,1
277.27886690104526,338.343949044586,321.0,836,11,525.0,687.3000000000002,157.0,0.0,11204.866242038215,270.791932059448,100.0,100.0,0.0,1
279.88631228727314,423.0091324200913,408.5,967,7,663.9000000000001,921.0,146.0,0.0,11312.650684931506,267.8493150684931,100.0,100.0,0.0,1
280.2130938266532,484.1911764705882,448.5,1417,8,862.0,1119.39,136.0,0.0,11042.720588235294,271.72549019607845,100.0,100.0,0.0,1
281.8284861165923,191.02886597938144,166.0,816,6,338.4000000000002,613.9999999999992,97.0,0.0,11242.898969072165,272.9340206185567,50.0,50.0,0.0,1
281.8284861165923,191.02886597938144,166.0,816,6,338.4000000000002,613.9999999999992,97.0,0.0,11242.898969072165,272.9340206185567,50.0,50.0,0.0,1
282.01902766930147,425.1782178217822,408.0,1182,24,677.4,1049.88,141.4,0.0,11074.29702970297,276.4992927864215,100.0,100.0,0.0,1
282.2209927582586,583.0108864696734,533.0,1697,8,1052.8000000000002,1484.16,128.6,0.0,11213.819595645413,276.24416796267496,100.0,100.0,0.0,1
282.8805095998462,440.52558139534887,418.0,1182,24,698.0,1070.71,143.33333333333334,0.0,11010.206976744186,277.293023255814,100.0,100.0,0.0,1
283.29965319128894,630.7994858611826,520.0,1697,30,1174.0,1557.8000000000002,129.66666666666666,0.0,11403.719794344472,281.4241645244216,100.0,100.0,0.0,1
283.32519142592304,209.23223753976671,197.0,816,6,357.80000000000007,549.9000000000002,94.3,0.0,11273.296924708378,272.66171792152704,50.0,50.0,0.0,1
283.32519142592304,209.23223753976671,197.0,816,6,357.80000000000007,549.9000000000002,94.3,0.0,11273.296924708378,272.66171792152704,50.0,50.0,0.0,1
283.82418970595256,555.6722222222222,507.0,1716,24,974.0,1355.1000000000008,126.0,0.0,11164.469841269842,275.3436507936508,100.0,100.0,0.0,1
284.69584488314433,494.0750568612585,437.0,1697,5,905.8000000000002,1414.8399999999992,131.9,0.0,11260.714177407126,273.8695981804397,100.0,100.0,0.0,1
285.78959306280484,680.8068181818181,634.5,1716,142,1111.9,1482.7200000000012,117.33333333333331,0.0,11142.698863636364,274.5681818181818,100.0,100.0,0.0,1
286.4528430973245,382.8708010335917,358.0,1297,15,605.2,1129.4999999999982,129.0,0.0,11221.05684754522,266.4987080103359,100.0,100.0,0.0,1
286.68530401652305,228.50873362445412,223.5,593,6,365.3,501.8800000000001,91.6,0.0,11305.48689956332,272.37336244541484,50.0,50.0,0.0,1
286.68530401652305,228.50873362445412,223.5,593,6,365.3,501.8800000000001,91.6,0.0,11305.48689956332,272.37336244541484,50.0,50.0,0.0,1
286.8051948629191,722.506329113924,663.0,1716,142,1148.2,1451.2000000000012,110.6,0.0,11279.754068716094,273.86618444846295,100.0,100.0,0.0,1
287.3269725587281,409.4807692307692,396.5,1297,5,691.0,989.5,135.2,0.0,11305.31952662722,271.6109467455621,100.0,100.0,0.0,1
288.93187415548687,685.8805031446541,613.5,1530,126,1103.3,1381.4299999999996,106.0,0.0,11439.518867924528,268.8050314465409,100.0,100.0,0.0,1
289.21973574620506,471.7192575406032,437.0,2130,5,781.0,1989.4999999999984,143.66666666666666,0.0,11310.69837587007,276.30858468677496,100.0,100.0,0.0,1
289.90946319050806,271.8678655199374,232.0,1543,6,434.0,1205.780000000001,85.26666666666667,0.0,11246.24941360438,274.6591086786552,50.0,50.0,0.0,1
291.73687470716567,236.98684210526315,213.0,745,7,409.0,685.05,91.2,0.0,11261.712719298246,273.7368421052632,50.0,50.0,0.0,1
291.73687470716567,236.98684210526315,213.0,745,7,409.0,685.05,91.2,0.0,11261.712719298246,273.7368421052632,50.0,50.0,0.0,1
291.8771427264012,540.7064935064935,499.0,1216,116,868.2,1063.719999999999,128.33333333333334,0.0,11018.34025974026,278.76363636363635,100.0,100.0,0.0,1
292.02207474570355,478.2177914110429,423.0,2138,5,811.0,1807.1500000000003,130.4,0.0,11152.115030674846,272.1758691206544,100.0,100.0,0.0,1
292.0259943048799,551.3791469194313,488.0,1483,116,924.8,1269.4799999999996,126.6,0.0,11025.210110584518,274.0126382306477,100.0,100.0,0.0,1
292.2565055230462,644.6061151079136,510.0,2138,11,1426.0,2052.1000000000017,111.2,0.0,11061.471223021585,271.2230215827338,100.0,100.0,0.0,1
292.38114062658235,811.7104247104247,649.0,2138,11,1615.2,1983.379999999999,86.33333333333333,0.0,10641.915057915056,268.7799227799228,100.0,100.0,0.0,1
292.9543519585296,296.05602923264314,240.0,1543,7,517.0,1279.1999999999998,82.1,0.0,11213.203410475033,275.93422655298417,50.0,50.0,0.0,1
292.9543519585296,296.05602923264314,240.0,1543,7,517.0,1279.1999999999998,82.1,0.0,11213.203410475033,275.93422655298417,50.0,50.0,0.0,1
293.8442433496326,600.4019097222222,485.5,1652,95,1100.8000000000002,1497.43,115.2,0.0,11196.573784722224,273.94097222222223,92.33767361111111,92.33680555555556,0.0,1
294.8581543219304,631.3491620111732,435.0,1483,125,1159.3,1390.86,119.33333333333331,0.0,11076.988826815645,269.4553072625698,100.0,100.0,0.0,1
294.92383804672,514.51953125,434.0,2138,11,900.4000000000005,1863.670000000001,128.0,0.0,11071.20390625,272.47421875,100.0,100.0,0.0,1
295.2471334857213,430.09090909090907,434.0,980,54,669.0,843.0,150.33333333333334,0.0,11545.91352549889,278.9157427937916,100.0,100.0,0.0,1
296.41466419549084,369.8520547945205,284.0,1543,7,932.2000000000004,1370.52,73.0,0.0,11152.6,278.6794520547945,50.0,50.0,0.0,1
296.41466419549084,369.8520547945205,284.0,1543,7,932.2000000000004,1370.52,73.0,0.0,11152.6,278.6794520547945,50.0,50.0,0.0,1
296.71763662940043,660.1926782273603,471.0,1652,95,1212.2,1581.5800000000008,103.8,0.0,11405.57803468208,273.8535645472062,82.99229287090559,82.99036608863199,0.0,1
297.22330054672483,414.61878453038673,391.5,1328,25,672.5000000000002,1082.7099999999996,144.8,0.0,11078.67817679558,273.4350828729281,100.0,100.0,0.0,1
297.5771296390281,682.3972602739726,520.0,1652,95,1274.7,1617.4299999999994,97.33333333333331,0.0,11536.085616438357,277.777397260274,69.77054794520548,69.76712328767124,0.0,1
298.3698583839943,419.8785046728972,370.0,1328,25,714.0,1175.9500000000005,142.66666666666666,0.0,10823.864485981308,268.10046728971963,100.0,100.0,0.0,1
299.2508120032244,73.2,101.0,118,14,116.8,117.88,0.5,0.0,17432.2,173.0,4.2,4.2,0.0,1
299.4585817712792,73.2,101.0,118,14,116.8,117.88,1.6666666666666667,0.0,17432.2,173.0,4.2,4.2,0.0,1
299.5462455682166,73.2,101.0,118,14,116.8,117.88,1.0,0.0,17432.2,173.0,4.2,4.2,0.0,1
301.2031832188561,724.3136094674556,625.0,1449,198,1227.5,1389.63,112.66666666666669,0.1568047337278106,11540.529585798817,271.10059171597635,100.0,100.0,0.0,1
301.6806586622156,828.0235294117647,515.0,3172,5,2079.2,3019.0000000000014,51.0,0.0941176470588235,11338.450980392156,265.6235294117647,50.0,50.0,0.0,1
301.6806586622156,828.0235294117647,515.0,3172,5,2079.2,3019.0000000000014,51.0,0.0941176470588235,11338.450980392156,265.6235294117647,50.0,50.0,0.0,1
301.8744844612861,1079.406,895.0,3275,198,2242.9000000000005,3091.03,100.0,0.276,11338.092,279.518,100.0,100.0,0.0,1
303.8961488963531,1747.0497512437812,1639.0,3275,316,2947.0,3238.0,67.0,0.5124378109452736,11237.02487562189,290.6318407960199,100.0,100.0,0.0,1
303.91711161013075,1178.8954326923076,1042.0,3275,134,2228.9,3040.5199999999995,83.2,0.2211538461538461,11327.775240384615,276.765625,100.0,100.0,0.0,1
304.1989648774252,487.4285714285714,272.0,3172,5,1133.0000000000005,2625.460000000005,67.9,0.0515463917525773,11180.278350515464,273.1840942562592,50.0,50.0,0.0,1
304.1989648774252,487.4285714285714,272.0,3172,5,1133.0000000000005,2625.460000000005,67.9,0.0515463917525773,11180.278350515464,273.1840942562592,50.0,50.0,0.0,1
306.4436529594185,365.6361233480176,206.0,3172,5,815.4000000000002,2450.32,75.66666666666667,0.039647577092511,11172.275770925113,272.40176211453746,50.0,50.0,0.0,1
306.95595939740247,954.8512705530644,760.0,3275,9,1984.2,2996.1899999999987,89.2,0.1375186846038864,11350.90956651719,273.6629297458894,100.0,100.0,0.0,1
307.0942097021217,282.58962264150944,190.0,1481,6,730.9999999999999,1157.1699999999996,84.8,0.025943396226415,11085.150943396226,277.7311320754717,50.0,50.0,0.0,1
307.0942097021217,282.58962264150944,190.0,1481,6,730.9999999999999,1157.1699999999996,84.8,0.025943396226415,11085.150943396226,277.7311320754717,50.0,50.0,0.0,1
307.3492400826275,1328.7289156626507,1324.0,3101,134,2220.7000000000003,2623.76,66.4,0.1385542168674698,11312.237951807228,272.62048192771084,100.0,100.0,0.0,1
307.53399324317934,1276.5708812260536,1211.0,3101,134,2268.0,2672.599999999997,87.0,0.10727969348659,11266.026819923372,259.62835249042143,100.0,100.0,0.0,1
310.5707278896025,1125.240506329114,1157.0,2218,9,1828.6,2099.03,52.66666666666666,0.0,11773.82911392405,267.22151898734177,100.0,100.0,0.0,1
311.87099312924727,184.2828947368421,172.0,617,7,307.0,572.3499999999999,91.2,0.0219298245614035,11160.359649122807,271.2368421052632,50.0,50.0,0.0,1
311.87099312924727,184.2828947368421,172.0,617,7,307.0,572.3499999999999,91.2,0.0219298245614035,11160.359649122807,271.2368421052632,50.0,50.0,0.0,1
312.6953838877464,586.4624505928854,443.0,2018,9,1158.0,1478.4499999999998,101.2,0.0,11388.94861660079,268.5612648221344,100.0,100.0,0.0,1
313.41374721403645,449.0605263157895,419.0,1083,13,779.5000000000001,989.0999999999998,126.66666666666669,0.0,11124.94210526316,279.2842105263158,100.0,100.0,0.0,1
313.4355606174303,219.17192600652885,212.0,634,7,374.4000000000001,564.419999999998,91.9,0.0261153427638737,11236.736670293798,272.2905331882481,50.0,50.0,0.0,1
313.4355606174303,219.17192600652885,212.0,634,7,374.4000000000001,564.419999999998,91.9,0.0261153427638737,11236.736670293798,272.2905331882481,50.0,50.0,0.0,1
315.0765706029736,538.1263972484953,442.0,2018,6,1071.4,1437.459999999998,116.3,0.0,11245.009458297509,273.83748925193464,100.0,100.0,0.0,1
316.32620793462854,571.1361502347418,478.0,1744,8,1063.5,1413.5,142.0,0.0,11033.05633802817,274.61971830985914,100.0,100.0,0.0,1
316.68778546648065,253.53347732181425,250.0,634,8,409.0,537.14,92.6,0.0302375809935205,11311.958963282936,273.32829373650105,50.0,50.0,0.0,1
316.68778546648065,253.53347732181425,250.0,634,8,409.0,537.14,92.6,0.0302375809935205,11311.958963282936,273.32829373650105,50.0,50.0,0.0,1
317.1618661404001,500.8995433789954,442.0,1744,6,909.4,1379.3999999999994,131.4,0.0,11134.152207001522,277.9010654490107,100.0,100.0,0.0,1
319.45643170038795,386.5398936170213,390.0,1600,6,575.5,794.5,125.33333333333331,0.0,11248.005319148937,274.45478723404256,100.0,100.0,0.0,1
320.045835926615,292.0164576802508,259.0,1149,6,528.0,945.0,85.06666666666666,0.043103448275862,11207.115203761756,273.55015673981194,50.0,50.0,0.0,1
321.17543655741576,625.5750577367205,508.5,2416,6,1266.9,1966.69,115.46666666666668,0.0,11132.666281755197,273.4919168591224,100.0,100.0,0.0,1
321.6417181408,265.2471395881007,224.0,1149,6,505.4,648.5199999999998,87.4,0.0297482837528604,11080.780320366131,273.954233409611,50.0,50.0,0.0,1
321.6417181408,265.2471395881007,224.0,1149,6,505.4,648.5199999999998,87.4,0.0297482837528604,11080.780320366131,273.954233409611,50.0,50.0,0.0,1
322.1434257810149,635.1116427432216,517.0,2074,6,1294.0,1753.84,125.4,0.0,11155.971291866028,271.72727272727275,100.0,100.0,0.0,1
322.2756998444214,691.2756598240469,550.0,2074,6,1370.0,1893.000000000004,113.66666666666669,0.0,11180.32258064516,269.72140762463346,100.0,100.0,0.0,1
323.2202556633076,313.9323493234932,270.0,1149,6,595.8000000000001,1011.88,81.3,0.050430504305043,11147.40713407134,273.67650676506764,50.0,50.0,0.0,1
323.2202556633076,313.9323493234932,270.0,1149,6,595.8000000000001,1011.88,81.3,0.050430504305043,11147.40713407134,273.67650676506764,50.0,50.0,0.0,1
324.0812009009469,701.7720930232558,574.0,2416,6,1448.0000000000005,1991.24,107.5,0.0,11131.758139534884,270.7972093023256,100.0,100.0,0.0,1
325.2285523317913,789.2666666666667,622.5,2416,7,1750.4,2080.380000000001,120.0,0.0,11247.083333333334,276.35277777777776,100.0,100.0,0.0,1
326.9191063287717,370.5159574468085,309.5,1077,7,739.5,1047.25,75.2,0.0744680851063829,11224.843085106382,273.35372340425533,50.0,50.0,0.0,1
326.9191063287717,370.5159574468085,309.5,1077,7,739.5,1047.25,75.2,0.0744680851063829,11224.843085106382,273.35372340425533,50.0,50.0,0.0,1
327.13398378077136,795.0669642857143,660.5,2416,7,1750.0,2082.5399999999995,89.6,0.0,11097.870535714286,269.4955357142857,100.0,100.0,0.0,1
328.4935382996074,764.1572052401747,732.0,2158,82,1414.2000000000005,1945.52,76.33333333333333,0.0,10877.755458515285,270.9301310043668,100.0,100.0,0.0,1
331.2041412490767,480.4674698795181,483.0,1053,7,796.6000000000001,1018.88,138.33333333333334,0.0,11458.269879518071,280.80963855421686,100.0,100.0,0.0,1
331.85409620115854,211.609649122807,195.5,697,6,375.0,506.69999999999993,91.2,0.0043859649122807,11351.285087719298,272.92763157894734,50.0,50.0,0.0,1
331.85409620115854,211.609649122807,195.5,697,6,375.0,506.69999999999993,91.2,0.0043859649122807,11351.285087719298,272.92763157894734,50.0,50.0,0.0,1
332.1291552869668,441.17118402282455,433.0,1053,7,711.0,972.0,140.2,0.0,11330.955777460773,274.6718972895863,100.0,100.0,0.0,1
333.529451624699,190.37513171759747,181.0,697,6,320.0,484.56,94.9,0.0021074815595363,11258.855637513172,273.8472075869336,50.0,50.0,0.0,1
333.529451624699,190.37513171759747,181.0,697,6,320.0,484.56,94.9,0.0021074815595363,11258.855637513172,273.8472075869336,50.0,50.0,0.0,1
334.2721494992336,347.8340807174888,336.0,759,11,530.5,726.55,148.66666666666666,0.0,11088.961883408072,266.3542600896861,100.0,100.0,0.0,1
334.6901616210148,389.0717577353522,361.0,1053,6,643.2,893.4599999999998,151.9,0.0,11292.49637919684,272.82883475971033,100.0,100.0,0.0,1
335.2708089805334,224.51392961876832,207.0,952,6,399.7000000000001,698.4799999999996,90.93333333333334,0.001466275659824,11261.291788856304,273.03958944281527,50.0,50.0,0.0,1
336.738710458059,170.7342799188641,163.0,506,6,290.8,405.6399999999999,98.6,0.0,11173.3630831643,274.69776876267747,50.0,50.0,0.0,1
336.738710458059,170.7342799188641,163.0,506,6,290.8,405.6399999999999,98.6,0.0,11173.3630831643,274.69776876267747,50.0,50.0,0.0,1
336.8085125227568,400.5395327942498,376.0,1182,6,649.5,968.5,148.4,0.0,11223.194070080865,273.99460916442047,100.0,100.0,0.0,1
337.1485723971512,344.4242053789731,329.0,951,6,533.6000000000001,829.4500000000006,163.6,0.0,11259.537897310513,271.2493887530562,100.0,100.0,0.0,1
337.20315259696827,326.69818913480884,327.0,814,6,501.0,650.3600000000001,165.66666666666666,0.0,11252.79879275654,277.72233400402416,100.0,100.0,0.0,1
340.2636357059048,423.0091324200913,408.5,967,7,663.9000000000001,921.0,146.0,0.0,11312.650684931506,267.8493150684931,100.0,100.0,0.0,1
341.7296523772153,302.58072289156627,288.0,952,20,520.6,833.7600000000002,83.0,0.0,11266.86265060241,271.1927710843373,50.0,50.0,0.0,1
341.7296523772153,302.58072289156627,288.0,952,20,520.6,833.7600000000002,83.0,0.0,11266.86265060241,271.1927710843373,50.0,50.0,0.0,1
342.2171186398552,425.1782178217822,408.0,1182,24,677.4,1049.88,141.4,0.0,11074.29702970297,276.4992927864215,100.0,100.0,0.0,1
343.25783301847787,440.52558139534887,418.0,1182,24,698.0,1070.71,143.33333333333334,0.0,11010.206976744186,277.293023255814,100.0,100.0,0.0,1
343.25809868905594,343.5106649937265,319.0,1034,13,582.5999999999999,838.04,79.7,0.0,11222.993726474278,273.05018820577163,50.0,50.0,0.0,1
343.25809868905594,343.5106649937265,319.0,1034,13,582.5999999999999,838.04,79.7,0.0,11222.993726474278,273.05018820577163,50.0,50.0,0.0,1
344.175703329904,555.6722222222222,507.0,1716,24,974.0,1355.1000000000008,126.0,0.0,11164.469841269842,275.3436507936508,100.0,100.0,0.0,1
346.16691648143643,680.8068181818181,634.5,1716,142,1111.9,1482.7200000000012,117.33333333333331,0.0,11142.698863636364,274.5681818181818,100.0,100.0,0.0,1
346.7174112500827,387.9764397905759,361.5,1034,13,620.3000000000002,840.9,76.4,0.0,11175.335078534032,275.0680628272251,50.0,50.0,0.0,1
346.7174112500827,387.9764397905759,361.5,1034,13,620.3000000000002,840.9,76.4,0.0,11175.335078534032,275.0680628272251,50.0,50.0,0.0,1
347.0032858334727,722.506329113924,663.0,1716,142,1148.2,1451.2000000000012,110.6,0.0,11279.754068716094,273.86618444846295,100.0,100.0,0.0,1
349.30919757411846,685.8805031446541,613.5,1530,126,1103.3,1381.4299999999996,106.0,0.0,11439.518867924528,268.8050314465409,100.0,100.0,0.0,1
350.5197394239332,305.8456486042693,274.0,1308,6,534.0,910.8799999999974,81.2,0.0,11205.26026272578,274.324302134647,50.0,50.0,0.0,1
351.58970747856665,640.0052785923754,562.0,1716,95,1116.2000000000005,1493.6400000000003,113.66666666666669,0.0,11223.55249266862,273.916715542522,94.82287390029326,94.82228739002932,0.0,1
351.8720186661648,244.40281030444964,237.0,580,7,415.80000000000007,523.0600000000002,85.4,0.0,11243.414519906322,274.6814988290398,50.0,50.0,0.0,1
351.8720186661648,244.40281030444964,237.0,580,7,415.80000000000007,523.0600000000002,85.4,0.0,11243.414519906322,274.6814988290398,50.0,50.0,0.0,1
352.2240852754335,551.3791469194313,488.0,1483,116,924.8,1269.4799999999996,126.6,0.0,11025.210110584518,274.0126382306477,100.0,100.0,0.0,1
352.2544661450328,540.7064935064935,499.0,1216,116,868.2,1063.719999999999,128.33333333333334,0.0,11018.34025974026,278.76363636363635,100.0,100.0,0.0,1
353.3668524531686,268.316985645933,225.0,1308,6,464.0,941.2499999999994,83.6,0.0,11218.934210526317,273.9844497607656,50.0,50.0,0.0,1
353.3668524531686,268.316985645933,225.0,1308,6,464.0,941.2499999999994,83.6,0.0,11218.934210526317,273.9844497607656,50.0,50.0,0.0,1
354.195756973584,600.4019097222222,485.5,1652,95,1100.8000000000002,1497.43,115.2,0.0,11196.573784722224,273.94097222222223,92.33767361111111,92.33680555555556,0.0,1
355.2354777405619,631.3491620111732,435.0,1483,125,1159.3,1390.86,119.33333333333331,0.0,11076.988826815645,269.4553072625698,100.0,100.0,0.0,1
356.6897643542104,293.2836185819071,217.0,1308,6,630.2,1035.52,81.8,0.0,11193.37652811736,273.25672371638143,50.0,50.0,0.0,1
356.6897643542104,293.2836185819071,217.0,1308,6,630.2,1035.52,81.8,0.0,11193.37652811736,273.25672371638143,50.0,50.0,0.0,1
356.91572759995404,660.1926782273603,471.0,1652,95,1212.2,1581.5800000000008,103.8,0.0,11405.57803468208,273.8535645472062,82.99229287090559,82.99036608863199,0.0,1
357.9544530576597,682.3972602739726,520.0,1652,95,1274.7,1617.4299999999994,97.33333333333331,0.0,11536.085616438357,277.777397260274,69.77054794520548,69.76712328767124,0.0,1
359.3751433313334,73.2,101.0,118,14,116.8,117.88,0.3333333333333333,0.0,17432.2,173.0,4.2,4.2,0.0,1
359.6023256271758,73.2,101.0,118,14,116.8,117.88,0.5,0.0,17432.2,173.0,4.2,4.2,0.0,1
359.7443365387702,73.2,101.0,118,14,116.8,117.88,1.0,0.0,17432.2,173.0,4.2,4.2,0.0,1
359.8359051899108,73.2,101.0,118,14,116.8,117.88,1.6666666666666667,0.0,17432.2,173.0,4.2,4.2,0.0,1
361.687289794944,234.06912442396316,235.0,526,5,389.1,508.68000000000006,86.8,0.032258064516129,11247.751152073732,271.32488479262673,50.0,50.0,0.0,1
361.687289794944,234.06912442396316,235.0,526,5,389.1,508.68000000000006,86.8,0.032258064516129,11247.751152073732,271.32488479262673,50.0,50.0,0.0,1
363.3783334174552,222.8129812981298,205.0,776,5,406.0,561.92,90.9,0.0352035203520352,11160.577557755776,273.006600660066,50.0,50.0,0.0,1
363.3783334174552,222.8129812981298,205.0,776,5,406.0,561.92,90.9,0.0352035203520352,11160.577557755776,273.006600660066,50.0,50.0,0.0,1
365.4105917288829,208.21006564551425,191.0,776,5,379.0,548.3,91.4,0.0291757840991976,11225.178701677609,272.49307075127643,50.0,50.0,0.0,1
366.57334084678337,212.5284210526316,171.0,776,8,434.6,624.8199999999999,95.0,0.0378947368421052,11080.928421052631,274.54315789473685,50.0,50.0,0.0,1
366.57334084678337,212.5284210526316,171.0,776,8,434.6,624.8199999999999,95.0,0.0378947368421052,11080.928421052631,274.54315789473685,50.0,50.0,0.0,1
371.7291103606704,179.478354978355,173.0,520,6,301.90000000000003,421.39,92.4,0.0173160173160173,11352.28354978355,271.482683982684,50.0,50.0,0.0,1
371.7291103606704,179.478354978355,173.0,520,6,301.90000000000003,421.39,92.4,0.0173160173160173,11352.28354978355,271.482683982684,50.0,50.0,0.0,1
373.4481647782069,180.95297805642636,178.0,520,5,301.4,413.44,95.7,0.0208986415882967,11257.75235109718,273.8004179728318,50.0,50.0,0.0,1
373.4481647782069,180.95297805642636,178.0,520,5,301.4,413.44,95.7,0.0208986415882967,11257.75235109718,273.8004179728318,50.0,50.0,0.0,1
376.7194840905386,182.32929292929293,182.0,444,5,299.6,387.24,99.0,0.0242424242424242,11169.523232323232,275.96363636363634,50.0,50.0,0.0,1
376.7194840905386,182.32929292929293,182.0,444,5,299.6,387.24,99.0,0.0242424242424242,11169.523232323232,275.96363636363634,50.0,50.0,0.0,1
380.31681682968906,194.44989633724947,185.0,760,5,320.0,513.0,96.46666666666668,0.0255701451278507,11199.21008984105,274.2888735314444,50.0,50.0,0.0,1
381.73317108954416,210.05150214592277,198.0,760,5,362.0,566.9000000000003,93.2,0.0257510729613733,11203.399141630902,273.2510729613734,50.0,50.0,0.0,1
381.73317108954416,210.05150214592277,198.0,760,5,362.0,566.9000000000003,93.2,0.0257510729613733,11203.399141630902,273.2510729613734,50.0,50.0,0.0,1
383.3822574858218,200.7521008403361,187.0,760,5,355.0,534.47,95.2,0.0262605042016806,11214.64600840336,273.41806722689074,50.0,50.0,0.0,1
383.3822574858218,200.7521008403361,187.0,760,5,355.0,534.47,95.2,0.0262605042016806,11214.64600840336,273.41806722689074,50.0,50.0,0.0,1
386.65234660618967,191.8353909465021,180.0,540,7,329.5,515.3999999999996,97.2,0.0267489711934156,11225.430041152264,273.5781893004115,50.0,50.0,0.0,1
386.65234660618967,191.8353909465021,180.0,540,7,329.5,515.3999999999996,97.2,0.0267489711934156,11225.430041152264,273.5781893004115,50.0,50.0,0.0,1
391.730788343192,230.89555555555555,202.0,850,6,405.0,780.6499999999999,90.0,0.0044444444444444,11085.49111111111,275.62444444444446,50.0,50.0,0.0,1
391.730788343192,230.89555555555555,202.0,850,6,405.0,780.6499999999999,90.0,0.0044444444444444,11085.49111111111,275.62444444444446,50.0,50.0,0.0,1
393.3602174678553,234.95060373216245,201.0,1022,5,419.0,895.7999999999995,91.1,0.0021953896816684,11250.958287596048,272.9440175631174,50.0,50.0,0.0,1
393.3602174678553,234.95060373216245,201.0,1022,5,419.0,895.7999999999995,91.1,0.0021953896816684,11250.958287596048,272.9440175631174,50.0,50.0,0.0,1
394.9910790065705,281.7895962732919,209.0,1807,5,559.1999999999998,1571.7799999999993,85.86666666666666,0.0015527950310559,11233.72748447205,273.3695652173913,50.0,50.0,0.0,1
396.65454078587504,238.90889370932757,198.0,1022,5,453.0,934.1999999999998,92.2,0.0,11412.477223427331,270.3275488069414,50.0,50.0,0.0,1
396.65454078587504,238.90889370932757,198.0,1022,5,453.0,934.1999999999998,92.2,0.0,11412.477223427331,270.3275488069414,50.0,50.0,0.0,1
401.4724818656576,394.973474801061,248.0,1807,5,1034.0000000000005,1751.6800000000003,75.4,0.0,11192.090185676392,274.39787798408486,50.0,50.0,0.0,1
401.4724818656576,394.973474801061,248.0,1807,5,1034.0000000000005,1751.6800000000003,75.4,0.0,11192.090185676392,274.39787798408486,50.0,50.0,0.0,1
403.4688835651917,337.21260815822,227.0,1807,5,730.2000000000003,1689.6,80.9,0.0,11183.83436341162,275.18665018541407,50.0,50.0,0.0,1
403.4688835651917,337.21260815822,227.0,1807,5,730.2000000000003,1689.6,80.9,0.0,11183.83436341162,275.18665018541407,50.0,50.0,0.0,1
406.8256930561824,286.80555555555554,222.5,1718,6,559.7,1574.38,86.4,0.0,11176.62962962963,275.875,50.0,50.0,0.0,1
406.8256930561824,286.80555555555554,222.5,1718,6,559.7,1574.38,86.4,0.0,11176.62962962963,275.875,50.0,50.0,0.0,1
410.4573927595651,368.0044843049328,289.0,2056,6,680.8000000000001,1679.3599999999974,74.33333333333333,0.0,11205.756950672643,274.2789237668161,50.0,50.0,0.0,1
412.33249433529767,522.0924657534247,331.0,2056,13,1357.2000000000012,1929.17,58.4,0.0,11231.366438356165,268.6267123287671,50.0,50.0,0.0,1
412.33249433529767,522.0924657534247,331.0,2056,13,1357.2000000000012,1929.17,58.4,0.0,11231.366438356165,268.6267123287671,50.0,50.0,0.0,1
414.10175725208194,419.3631039531479,327.0,2056,6,750.2000000000006,1740.139999999999,68.3,0.0,11224.18008784773,273.2693997071742,50.0,50.0,0.0,1
414.10175725208194,419.3631039531479,327.0,2056,6,750.2000000000006,1740.139999999999,68.3,0.0,11224.18008784773,273.2693997071742,50.0,50.0,0.0,1
416.92909532366514,342.6445012787724,322.0,851,6,585.0,739.4000000000001,78.2,0.0,11218.813299232736,276.7365728900256,50.0,50.0,0.0,1
416.92909532366514,342.6445012787724,322.0,851,6,585.0,739.4000000000001,78.2,0.0,11218.813299232736,276.7365728900256,50.0,50.0,0.0,1
421.7983206793514,208.71115973741797,196.0,563,5,365.0,522.0,91.4,0.0131291028446389,11206.065645514223,271.93216630196935,50.0,50.0,0.0,1
421.7983206793514,208.71115973741797,196.0,563,5,365.0,522.0,91.4,0.0131291028446389,11206.065645514223,271.93216630196935,50.0,50.0,0.0,1
423.4245213823697,206.76648648648649,195.0,622,5,352.6,548.76,92.5,0.0248648648648648,11150.614054054056,273.80432432432434,50.0,50.0,0.0,1
423.4245213823697,206.76648648648649,195.0,622,5,352.6,548.76,92.5,0.0248648648648648,11150.614054054056,273.80432432432434,50.0,50.0,0.0,1
425.35376604226985,213.67953386744355,191.0,1223,5,370.0,690.7999999999997,91.53333333333332,0.0225782957028404,11192.63146394756,272.3714493809177,50.0,50.0,0.0,1
426.7165814080552,204.86752136752136,192.0,622,6,325.80000000000007,561.6299999999999,93.6,0.0363247863247863,11096.465811965812,275.63247863247864,50.0,50.0,0.0,1
426.7165814080552,204.86752136752136,192.0,622,6,325.80000000000007,561.6299999999999,93.6,0.0363247863247863,11096.465811965812,275.63247863247864,50.0,50.0,0.0,1
431.7048736163764,227.953125,184.0,1223,5,441.50000000000006,846.0199999999991,89.6,0.0178571428571428,11279.386160714286,269.41294642857144,50.0,50.0,0.0,1
431.7048736163764,227.953125,184.0,1223,5,441.50000000000006,846.0199999999991,89.6,0.0178571428571428,11279.386160714286,269.41294642857144,50.0,50.0,0.0,1
433.46155631414194,223.20479302832243,184.0,1223,4,413.60000000000014,912.5400000000016,91.8,0.0217864923747276,11221.445533769063,274.2875816993464,50.0,50.0,0.0,1
433.46155631414194,223.20479302832243,184.0,1223,4,413.60000000000014,912.5400000000016,91.8,0.0217864923747276,11221.445533769063,274.2875816993464,50.0,50.0,0.0,1
436.8200010071717,218.6787234042553,184.0,1166,4,394.1,919.93,94.0,0.025531914893617,11166.217021276596,278.9340425531915,50.0,50.0,0.0,1
436.8200010071717,218.6787234042553,184.0,1166,4,394.1,919.93,94.0,0.025531914893617,11166.217021276596,278.9340425531915,50.0,50.0,0.0,1
440.58121440170606,191.64220824598183,162.0,1166,4,321.0,858.2000000000003,95.4,0.0195667365478686,11231.559049615653,274.80153738644304,50.0,50.0,0.0,1
441.8507483349649,219.73555555555555,179.5,963,4,421.1,883.53,90.0,0.0177777777777777,11267.286666666669,268.49555555555554,50.0,50.0,0.0,1
441.8507483349649,219.73555555555555,179.5,963,4,421.1,883.53,90.0,0.0177777777777777,11267.286666666669,268.49555555555554,50.0,50.0,0.0,1
443.5739050385736,178.4193548387097,153.0,963,4,300.0,818.3999999999999,96.1,0.0166493236212278,11263.516129032258,272.78043704474504,50.0,50.0,0.0,1
443.5739050385736,178.4193548387097,153.0,963,4,300.0,818.3999999999999,96.1,0.0166493236212278,11263.516129032258,272.78043704474504,50.0,50.0,0.0,1
446.71278787384006,142.03522504892368,139.0,421,5,219.0,329.0,102.2,0.0156555772994129,11260.195694716243,276.55381604696674,50.0,50.0,0.0,1
446.71278787384006,142.03522504892368,139.0,421,5,219.0,329.0,102.2,0.0156555772994129,11260.195694716243,276.55381604696674,50.0,50.0,0.0,1
451.7948757402813,180.2674650698603,169.0,492,5,311.0,428.0,100.2,0.0159680638722554,11082.774451097805,272.01596806387226,50.0,50.0,0.0,1
451.7948757402813,180.2674650698603,169.0,492,5,311.0,428.0,100.2,0.0159680638722554,11082.774451097805,272.01596806387226,50.0,50.0,0.0,1
453.3224658035817,207.5316326530612,185.5,924,5,367.2000000000001,706.7200000000012,98.0,0.0081632653061224,11225.367346938776,272.78469387755104,50.0,50.0,0.0,1
453.3224658035817,207.5316326530612,185.5,924,5,367.2000000000001,706.7200000000012,98.0,0.0081632653061224,11225.367346938776,272.78469387755104,50.0,50.0,0.0,1
455.1351915518788,223.5772825305536,199.0,1032,5,395.0,808.5999999999985,92.73333333333332,0.0057512580877066,11201.53702372394,273.5276779295471,50.0,50.0,0.0,1
456.6841621042341,236.04801670146136,211.0,924,6,440.4,780.2599999999991,95.8,0.0,11374.509394572024,273.58872651356995,50.0,50.0,0.0,1
456.6841621042341,236.04801670146136,211.0,924,6,440.4,780.2599999999991,95.8,0.0,11374.509394572024,273.58872651356995,50.0,50.0,0.0,1
461.9822919565913,261.83698296836985,227.0,1032,6,522.0,903.5999999999996,82.2,0.0,11144.715328467151,275.2992700729927,50.0,50.0,0.0,1
461.9822919565913,261.83698296836985,227.0,1032,6,522.0,903.5999999999996,82.2,0.0,11144.715328467151,275.2992700729927,50.0,50.0,0.0,1
463.6764821599028,232.841449603624,210.0,1032,5,406.4000000000002,840.1599999999994,88.3,0.0,11151.106455266136,273.237825594564,50.0,50.0,0.0,1
463.6764821599028,232.841449603624,210.0,1032,5,406.4000000000002,840.1599999999994,88.3,0.0,11151.106455266136,273.237825594564,50.0,50.0,0.0,1
466.76464161457216,207.59322033898303,196.5,773,5,332.0,625.0600000000003,94.4,0.0,11156.671610169493,271.44279661016947,50.0,50.0,0.0,1
466.76464161457216,207.59322033898303,196.5,773,5,332.0,625.0600000000003,94.4,0.0,11156.671610169493,271.44279661016947,50.0,50.0,0.0,1
470.3174831648079,193.83285917496443,171.5,1064,4,328.0,742.7500000000002,93.73333333333332,0.0,11205.347795163583,273.5128022759601,48.58179231863443,48.58108108108108,0.0,1
471.6585111722434,223.4622030237581,185.0,1064,4,400.4,856.5399999999998,92.6,0.0,11194.63282937365,274.25053995680344,50.0,50.0,0.0,1
471.6585111722434,223.4622030237581,185.0,1064,4,400.4,856.5399999999998,92.6,0.0,11194.63282937365,274.25053995680344,50.0,50.0,0.0,1
473.28813586793393,186.87901498929332,160.0,1064,4,320.70000000000005,776.3699999999995,93.4,0.0,11229.946466809422,274.55888650963595,47.86509635974304,47.864025695931474,0.0,1
473.28813586793393,186.87901498929332,160.0,1064,4,320.70000000000005,776.3699999999995,93.4,0.0,11229.946466809422,274.55888650963595,47.86509635974304,47.864025695931474,0.0,1
476.5997837770851,150.9171974522293,145.0,420,6,233.0,335.7000000000001,94.2,0.0,11264.660297239916,274.8619957537155,45.76645435244161,45.76433121019108,0.0,1
476.5997837770851,150.9171974522293,145.0,420,6,233.0,335.7000000000001,94.2,0.0,11264.660297239916,274.8619957537155,45.76645435244161,45.76433121019108,0.0,1
